iso,Country/Region,unit,1960,1961,1962,1963,1964,1965,1966,1967,1968,1969,1970,1971,1972,1973,1974,1975,1976,1977,1978,1979,1980,1981,1982,1983,1984,1985,1986,1987,1988,1989,1990,1991,1992,1993,1994,1995,1996,1997,1998,1999,2000,2001,2002,2003,2004,2005,2006,2007,2008,2009,2010,2011,2012,2013,2014,2015,2016,2017,2018,2019,2020,2021
CHN,China,MtCO2e,798.80,570.63,459.62,456.78,460.64,500.29,549.46,460.23,495.51,607.68,807.95,909.21,968.65,1008.29,1028.10,1183.21,1226.42,1340.83,1492.78,1525.66,1494.50,1476.49,1606.59,1694.22,1844.83,1998.08,2104.21,2257.74,2425.89,2463.65,2484.85,2606.10,2730.79,2921.65,3100.00,3357.91,3503.23,3510.17,3360.46,3552.84,3644.46,3723.73,4112.46,4827.45,5223.75,5876.56,6488.80,6978.61,7496.83,7886.53,8616.65,9528.56,9779.28,9956.31,9998.62,9866.90,9764.98,10011.11,10353.88,10741.00,10956.21,11472.37
USA,United States,MtCO2e,2897.32,2886.87,2993.90,3126.49,3264.31,3399.55,3571.42,3705.46,3840.92,4035.15,4339.69,4365.47,4573.02,4785.05,4621.05,4478.23,4747.76,4889.61,4941.36,5008.58,4808.52,4686.37,4447.26,4429.37,4662.14,4652.58,4663.37,4825.65,5050.48,5132.13,5122.50,5064.99,5175.22,5274.36,5365.58,5427.80,5616.43,5691.86,5737.13,5810.33,6016.35,5911.99,5952.70,6015.80,6117.96,6137.60,6057.16,6135.29,5918.87,5482.98,5681.39,5546.63,5345.45,5480.93,5528.87,5376.58,5251.76,5210.96,5376.66,5259.14,4715.69,5007.34
IND,India,MtCO2e,111.33,120.40,132.58,142.44,139.49,153.70,159.37,159.56,174.07,177.41,181.72,191.96,203.04,209.10,215.85,234.21,244.75,258.96,263.15,276.29,291.71,314.97,325.38,352.20,361.56,397.59,426.31,455.34,491.69,540.65,578.00,615.37,655.45,677.30,716.27,761.45,825.20,858.94,876.95,950.95,978.10,991.73,1022.18,1058.73,1124.52,1184.93,1258.64,1356.95,1461.52,1611.42,1676.49,1778.47,1962.59,2037.42,2187.34,2270.77,2383.82,2434.87,2600.45,2626.46,2445.01,2709.68
RUS,Russia,MtCO2e,884.64,912.31,957.53,1026.91,1092.14,1158.56,1223.50,1279.36,1315.31,1369.81,1440.68,1528.85,1608.55,1676.48,1740.32,1829.33,1899.79,1964.41,2031.87,2048.72,2129.33,2088.79,2128.17,2158.35,2177.52,2348.38,2348.80,2357.85,2436.91,2404.82,2534.87,2405.53,1965.61,1865.94,1646.94,1618.95,1586.17,1481.62,1464.54,1493.16,1478.18,1514.71,1505.52,1535.29,1541.75,1559.08,1618.25,1618.59,1646.97,1539.31,1626.19,1679.28,1694.58,1632.72,1631.66,1629.71,1624.76,1654.15,1700.45,1692.36,1624.22,1755.55
JPN,Japan,MtCO2e,232.50,282.79,292.86,324.84,358.89,386.47,419.25,489.31,561.91,653.22,767.96,796.54,852.17,914.27,914.31,868.51,907.14,933.24,901.59,953.07,944.87,926.84,897.41,880.91,937.07,912.40,912.26,902.53,985.46,1021.68,1158.13,1169.78,1179.50,1172.49,1227.51,1239.91,1252.45,1245.14,1205.25,1241.84,1264.59,1249.99,1279.36,1287.69,1283.08,1290.60,1267.62,1303.36,1232.48,1163.38,1215.06,1265.03,1306.18,1315.57,1264.41,1223.61,1203.89,1188.36,1143.41,1106.02,1042.22,1067.40
IRN,Iran,MtCO2e,37.36,36.51,37.43,41.30,47.52,53.72,64.10,67.88,82.33,83.04,91.79,101.63,106.02,129.48,143.78,139.21,156.46,163.73,162.10,162.98,120.49,113.00,137.77,149.58,149.86,159.86,147.60,158.56,175.14,190.20,209.94,221.83,226.93,235.61,263.82,271.58,276.29,267.05,305.50,379.50,369.15,394.75,397.63,413.66,442.12,463.16,503.64,512.66,534.64,559.02,569.77,577.34,588.36,597.95,632.67,631.58,633.83,685.40,700.94,702.96,729.98,748.88
DEU,Germany,MtCO2e,813.95,834.84,883.17,945.50,968.92,960.10,951.42,936.23,984.79,1052.00,1026.02,1037.24,1041.48,1085.74,1062.73,1002.45,1090.84,1052.61,1079.13,1117.89,1100.07,1048.52,1015.73,1011.60,1033.24,1044.12,1047.47,1032.44,1029.02,1008.79,1051.98,1013.82,965.54,955.82,939.49,938.61,958.70,930.87,922.81,895.35,899.35,916.14,899.45,900.63,886.64,866.30,877.94,851.22,854.51,789.90,832.54,808.91,813.69,831.21,792.26,795.56,800.34,785.62,754.41,707.15,639.38,674.75
SAU,Saudi Arabia,MtCO2e,2.67,3.57,6.25,6.94,7.04,4.22,6.41,25.49,29.08,35.27,45.25,59.76,70.28,95.05,98.70,83.26,101.46,118.07,115.02,138.00,169.24,175.30,157.89,160.84,155.51,172.42,204.60,190.45,202.25,203.42,208.50,288.55,316.17,340.64,328.14,262.42,258.27,215.81,207.24,225.99,296.36,296.59,325.70,326.52,394.58,395.85,431.29,386.51,432.34,465.84,517.72,497.66,566.83,544.56,612.84,678.85,642.86,643.64,626.19,656.48,661.19,672.38
IDN,Indonesia,MtCO2e,21.39,26.00,22.97,22.76,22.37,24.67,23.38,24.54,27.56,33.36,35.79,38.96,43.31,49.10,51.23,53.93,61.79,82.42,93.94,95.14,94.87,100.30,105.58,105.18,112.46,121.60,122.17,123.88,132.72,131.67,144.80,174.87,199.42,215.11,218.32,222.39,251.74,277.41,212.48,240.18,276.56,303.34,310.82,340.44,344.39,348.99,346.71,388.26,366.29,401.96,451.55,504.80,515.95,489.06,487.89,539.15,552.65,567.25,603.66,659.44,609.79,619.28
KOR,South Korea,MtCO2e,12.54,14.45,17.26,21.08,22.20,24.98,29.98,35.11,37.20,42.47,53.72,58.53,60.25,72.97,75.55,81.67,93.10,105.46,113.12,132.87,134.52,139.59,140.78,149.13,160.70,168.76,176.30,185.36,210.95,223.51,250.51,275.69,299.91,330.17,355.69,383.67,421.06,444.99,378.05,410.54,439.98,455.63,476.06,485.21,491.39,498.69,503.48,521.71,532.65,537.82,594.34,623.44,627.94,634.58,629.37,634.18,637.91,654.54,670.17,646.10,597.63,616.08
CAN,Canada,MtCO2e,192.72,194.00,206.99,210.91,237.58,251.92,259.07,281.64,303.26,307.12,341.18,352.29,380.79,381.27,389.62,396.79,398.96,407.79,415.53,441.68,442.85,429.63,414.45,408.34,425.23,421.72,404.71,430.98,455.67,462.89,458.22,449.96,463.76,464.31,478.73,491.39,507.51,521.84,529.65,544.06,566.69,558.78,564.05,581.31,579.59,574.65,568.45,593.52,576.56,543.97,556.56,567.05,568.22,572.61,569.84,574.30,560.53,571.54,584.37,584.71,534.86,545.63
BRA,Brazil,MtCO2e,46.85,49.12,53.59,55.48,56.57,56.20,64.07,65.91,77.07,83.90,93.25,102.07,113.71,131.70,142.62,149.88,154.09,161.80,176.47,187.11,185.47,170.61,170.81,165.35,167.08,179.59,196.61,205.33,207.07,211.44,218.66,229.39,233.60,244.31,254.00,268.68,289.31,306.95,317.36,327.26,340.18,346.17,347.76,344.64,361.43,364.37,368.87,390.57,412.64,389.77,440.27,462.58,498.31,532.42,557.90,529.35,492.75,497.41,477.10,475.10,442.31,488.88
TUR,TÃ¼rkiye,MtCO2e,16.80,17.34,21.60,22.64,26.30,27.35,31.51,33.48,36.27,38.75,42.58,47.64,53.72,59.31,60.93,65.42,73.36,81.12,76.71,75.04,75.21,79.19,86.21,89.81,94.91,105.66,115.62,128.44,124.73,137.57,151.66,158.14,164.06,171.13,167.56,181.48,199.58,212.04,212.07,207.86,229.86,213.48,221.15,236.68,244.69,264.77,282.27,313.58,310.53,316.32,316.04,341.86,355.88,347.15,363.87,384.33,405.30,430.22,422.57,401.72,413.43,446.20
ZAF,South Africa,MtCO2e,97.84,102.12,105.67,109.73,119.55,128.14,128.23,133.76,137.95,143.14,149.62,168.40,171.55,173.35,176.54,185.00,192.91,199.73,201.88,218.67,228.20,257.08,280.43,291.90,315.59,323.86,330.50,328.66,342.65,340.71,312.93,326.03,301.33,320.35,338.57,361.58,363.61,385.02,377.02,374.69,378.06,371.37,356.30,404.12,449.02,415.93,446.56,464.89,495.00,480.40,462.81,465.77,458.95,458.63,471.87,446.22,456.97,439.38,435.24,466.92,435.83,435.93
MEX,Mexico,MtCO2e,63.05,65.24,63.74,66.29,74.20,75.17,80.84,90.01,93.89,102.18,113.95,126.19,132.27,144.06,154.73,164.14,183.74,192.39,222.12,240.26,267.74,283.71,303.91,277.57,276.65,287.37,293.41,306.02,305.67,323.48,317.04,330.13,332.78,338.07,351.53,331.60,345.77,368.64,388.36,390.52,396.07,410.70,411.97,437.76,438.86,463.99,476.57,479.79,492.98,475.90,463.78,484.16,501.57,495.49,484.11,479.52,479.79,465.62,475.27,472.19,391.71,407.20
AUS,Australia,MtCO2e,88.12,90.50,94.82,100.93,108.88,120.85,120.22,129.14,134.50,142.12,147.48,152.63,157.34,170.83,172.19,175.71,174.07,187.61,201.82,204.87,220.53,230.13,233.89,224.79,236.36,240.99,239.72,255.85,260.88,277.49,278.15,279.53,284.53,288.87,293.70,305.00,311.89,320.28,334.08,343.49,349.64,357.13,361.54,369.28,382.82,386.15,392.38,399.62,404.23,407.06,405.10,403.83,406.15,397.89,393.95,401.79,411.26,414.36,416.28,416.36,399.92,391.19
GBR,United Kingdom,MtCO2e,584.02,588.61,592.93,603.39,607.87,622.11,618.07,592.06,606.49,628.38,652.58,660.39,648.03,659.58,617.18,603.25,598.53,604.36,604.71,644.51,579.04,560.55,548.24,545.49,529.11,559.63,568.55,571.67,570.29,581.58,601.95,609.41,593.85,579.61,574.02,566.16,586.76,562.71,568.54,561.65,569.03,577.97,560.27,571.62,573.43,570.34,567.85,559.57,544.93,494.11,511.90,469.71,487.48,477.61,438.81,422.46,399.43,387.37,379.73,364.75,326.26,346.77
ITA,Italy,MtCO2e,109.20,124.37,146.25,164.56,175.72,189.53,213.98,234.13,249.17,269.66,296.36,311.05,328.24,353.35,358.25,341.05,365.80,354.42,371.27,385.26,386.43,375.30,366.88,358.41,364.60,368.98,363.19,380.10,385.96,404.74,439.55,439.09,439.32,431.60,425.80,449.83,444.03,449.75,461.95,466.42,470.49,470.57,478.00,495.96,501.56,502.26,496.85,490.57,478.87,424.69,436.12,424.26,403.70,369.68,349.39,361.16,358.18,352.74,349.00,339.23,302.28,328.69
POL,Poland,MtCO2e,199.58,207.24,216.61,231.00,242.88,246.98,252.43,259.03,275.80,293.37,304.14,312.88,329.51,335.59,346.24,374.78,398.12,417.95,430.87,441.31,463.33,409.00,420.97,421.02,432.47,444.51,451.85,463.73,444.23,422.18,376.81,373.83,364.75,365.45,360.52,362.89,377.58,367.52,339.37,329.55,317.72,313.85,306.61,319.62,324.44,323.41,337.32,336.73,330.49,316.87,334.92,334.34,326.73,322.65,310.32,313.46,324.38,337.74,337.05,318.49,303.52,328.58
VNM,Vietnam,MtCO2e,7.48,7.98,9.34,9.11,11.79,13.15,19.18,22.96,23.60,27.06,28.17,24.50,23.03,25.07,19.06,21.77,13.90,15.25,15.39,16.25,16.79,17.70,18.34,19.27,17.50,21.10,20.58,23.30,23.07,17.40,21.30,21.38,21.47,22.85,26.17,28.70,34.21,44.52,46.79,46.89,52.60,59.65,68.50,76.05,87.74,94.69,98.63,100.36,113.33,123.44,138.59,151.23,144.37,151.52,183.82,217.73,226.10,233.04,274.22,341.00,328.90,326.01
FRA,France,MtCO2e,296.14,315.71,332.91,338.04,368.88,363.50,380.39,404.67,418.25,443.40,460.45,493.42,513.99,538.69,520.69,482.20,523.48,507.00,528.80,532.17,511.11,459.37,440.44,423.31,412.00,405.22,390.39,387.77,385.57,399.68,393.42,418.37,406.65,388.08,381.91,386.26,401.37,393.95,413.63,412.18,406.83,411.61,407.79,412.53,413.78,416.17,406.46,396.66,390.78,371.05,376.65,354.60,356.91,358.62,327.11,331.58,334.44,337.46,322.53,316.39,280.03,305.96
THA,Thailand,MtCO2e,3.71,4.14,5.03,5.56,7.47,7.44,9.47,12.15,17.08,14.54,15.35,19.20,21.76,24.34,24.10,24.24,28.55,31.87,34.74,36.36,39.72,37.52,37.31,41.75,45.12,47.79,48.77,55.72,65.49,76.82,86.71,95.08,104.93,121.57,133.96,156.03,174.62,182.16,161.76,170.28,173.25,186.33,197.14,205.75,220.43,227.31,231.14,236.72,233.19,246.86,261.79,258.98,276.88,290.36,285.98,289.42,288.51,293.07,282.11,290.24,277.37,278.50
KAZ,Kazakhstan,MtCO2e,96.43,99.45,104.38,111.91,118.98,126.22,133.30,139.36,143.23,149.14,156.90,166.37,174.94,182.20,189.00,198.53,205.99,212.80,219.91,221.57,230.18,225.49,229.65,232.70,234.57,253.05,258.05,256.61,273.67,264.54,278.78,269.49,245.22,217.96,184.33,177.08,162.76,154.17,148.82,123.72,147.47,142.30,159.97,177.82,187.30,200.44,220.05,226.13,227.12,221.06,246.98,237.03,243.92,251.45,297.64,301.27,304.84,320.79,331.82,297.57,278.40,276.68
MYS,Malaysia,MtCO2e,4.20,4.68,4.78,5.83,7.40,8.38,9.83,10.13,10.53,9.14,14.59,16.66,17.90,17.51,19.04,19.45,23.90,22.62,23.26,27.31,28.03,30.88,30.64,38.05,34.79,36.33,40.10,40.88,42.87,50.08,54.27,65.79,72.96,86.72,90.63,113.93,113.44,122.08,114.24,108.29,126.20,133.99,135.12,156.52,171.10,181.33,178.79,182.46,201.99,200.71,215.94,216.99,213.29,242.17,245.33,235.70,252.06,248.20,267.09,269.16,259.48,256.05
EGY,Egypt,MtCO2e,16.03,17.07,18.57,21.53,25.49,27.61,26.53,19.65,22.87,19.66,21.65,23.01,25.48,23.76,26.09,31.06,34.45,37.82,39.26,42.89,45.18,50.90,56.43,56.98,63.70,63.81,74.39,74.61,74.31,71.90,75.22,77.30,79.94,92.28,84.56,94.89,93.57,107.51,121.47,124.50,140.35,124.29,125.78,146.46,149.14,165.04,176.02,185.91,194.76,203.17,200.84,213.03,213.73,211.42,226.90,224.48,239.39,260.11,243.91,256.14,235.82,249.62
ESP,Spain,MtCO2e,48.87,53.61,59.98,58.74,64.32,71.02,77.62,86.39,97.02,96.74,116.77,128.46,144.72,154.96,172.67,181.05,197.75,194.83,199.51,202.75,213.91,206.10,208.60,203.44,197.67,199.93,189.11,189.51,197.46,224.89,231.33,241.07,249.94,241.30,253.80,267.58,255.05,267.59,276.18,299.72,311.67,313.62,333.73,338.05,354.83,370.07,361.12,368.99,337.18,297.75,284.28,285.13,279.38,253.10,255.46,272.16,261.23,275.05,270.05,251.83,213.34,233.65
PAK,Pakistan,MtCO2e,11.93,12.35,13.57,15.60,16.04,16.83,17.13,18.18,20.84,20.21,20.50,19.44,18.90,20.01,21.39,23.19,22.79,24.32,26.05,28.13,31.93,34.23,37.19,40.02,42.56,46.81,49.06,52.99,57.61,60.32,67.83,67.48,72.01,77.18,84.02,83.61,93.54,93.79,96.74,99.39,105.42,107.13,112.90,117.49,129.62,134.69,143.55,155.40,153.92,155.42,153.91,154.65,154.89,151.52,156.53,166.41,195.79,216.16,205.06,206.06,210.38,229.51
ARE,United Arab Emirates,MtCO2e,0.01,0.01,0.02,0.02,0.02,0.02,0.03,0.92,1.24,20.51,15.23,21.17,23.43,30.61,31.30,31.05,39.62,38.75,44.75,36.55,36.82,36.77,36.75,35.22,46.16,49.65,47.03,47.45,48.10,54.19,51.70,56.67,57.76,65.57,72.60,70.01,72.77,73.10,80.68,77.54,111.79,100.59,83.70,105.62,111.80,114.48,121.74,133.26,153.97,165.50,180.62,192.99,201.37,205.76,201.71,216.38,212.34,214.16,210.22,208.50,199.08,204.09
UKR,Ukraine,MtCO2e,280.57,289.28,303.53,325.48,346.11,367.10,387.63,405.25,416.57,433.80,456.29,484.18,509.41,530.88,551.04,579.20,601.48,621.89,643.18,648.51,674.08,661.01,673.54,683.02,689.04,743.38,740.47,733.87,727.31,683.65,705.83,632.54,589.06,510.20,419.27,389.86,351.41,340.24,328.58,298.18,285.32,303.56,295.67,307.00,310.27,313.07,332.61,336.35,325.54,277.30,294.11,307.96,303.98,297.25,257.51,223.82,234.01,223.09,231.67,222.06,206.94,201.86
ARG,Argentina,MtCO2e,48.76,51.13,53.64,50.03,55.67,58.80,63.07,65.48,69.01,77.25,82.65,88.85,90.07,93.98,95.48,94.85,99.70,100.71,102.56,110.62,108.66,101.97,103.35,105.14,106.45,100.53,104.15,114.88,121.41,117.02,112.08,117.51,121.23,117.78,122.23,127.76,134.76,137.64,139.45,147.29,142.36,134.00,124.39,134.63,157.04,161.43,174.61,174.25,188.11,178.95,186.73,190.27,191.29,189.54,188.40,191.74,189.92,186.90,180.60,178.51,169.26,186.45
IRQ,Iraq,MtCO2e,8.26,8.71,9.02,9.38,9.06,19.29,27.68,18.37,19.70,22.60,23.88,28.83,29.52,30.61,30.91,33.12,48.74,43.63,42.19,52.82,45.36,31.90,30.37,38.47,39.77,44.20,47.23,52.18,67.13,72.24,49.06,45.19,58.89,63.13,71.09,74.08,69.28,68.08,72.10,71.68,71.72,84.56,86.32,90.79,113.64,112.76,97.96,61.17,91.80,102.97,110.07,135.27,153.66,164.85,166.91,168.21,194.01,211.71,213.43,187.15,173.51,185.58
DZA,Algeria,MtCO2e,6.15,6.06,5.66,5.42,5.64,6.59,8.42,8.43,9.05,11.26,15.06,18.65,28.32,38.28,31.88,32.00,39.13,41.84,62.46,45.55,66.42,46.34,39.17,52.50,70.95,72.61,76.08,83.88,83.71,79.81,76.74,78.81,79.88,81.94,86.15,94.98,96.79,87.00,106.62,91.67,82.22,83.78,89.41,91.05,87.85,106.47,100.20,108.40,109.03,120.18,117.81,119.81,135.67,140.79,151.28,160.09,158.75,166.41,173.91,179.50,172.50,176.27
PHL,Philippines,MtCO2e,8.33,8.71,10.34,11.47,12.82,13.96,16.10,18.21,22.22,22.83,24.75,27.55,26.41,31.50,30.49,32.48,35.07,36.68,37.38,38.03,36.87,34.53,34.84,35.24,30.83,27.90,29.02,32.50,37.48,38.91,41.35,43.47,48.29,48.93,54.12,59.95,61.26,70.06,68.25,68.18,72.35,70.30,70.16,70.22,72.77,73.27,66.52,70.76,77.30,76.49,82.95,83.74,88.63,96.04,101.48,112.45,122.56,135.15,141.82,145.23,135.66,144.26
NLD,Netherlands,MtCO2e,73.44,75.82,83.28,91.14,96.78,100.40,103.56,106.68,113.45,115.80,141.80,140.67,157.50,165.26,159.99,152.53,169.13,163.61,169.79,187.01,176.63,164.11,133.49,137.36,144.07,146.98,144.01,151.48,145.60,161.66,161.81,170.23,170.02,170.21,170.79,172.30,181.45,174.49,175.46,169.93,171.08,176.21,175.57,179.01,180.89,176.92,172.09,171.87,174.85,169.53,181.53,168.26,164.69,164.67,157.66,164.14,164.86,162.49,158.63,153.03,137.85,141.05
NGA,Nigeria,MtCO2e,3.40,4.11,4.17,5.34,7.27,11.75,12.89,12.82,6.63,12.10,21.52,32.25,41.39,49.53,62.24,47.35,55.19,50.50,48.22,70.19,68.04,65.81,65.39,59.71,69.41,69.64,73.19,59.02,70.42,42.12,38.86,41.93,46.27,44.81,34.93,33.42,36.79,41.01,37.75,39.59,78.82,86.72,94.30,100.01,98.69,105.76,97.81,94.27,94.77,74.89,112.31,129.57,109.07,116.36,123.00,109.23,116.95,112.78,105.23,127.30,130.18,136.99
UZB,Uzbekistan,MtCO2e,36.63,37.90,39.91,42.95,45.82,48.67,51.45,53.90,55.52,57.90,60.76,64.64,68.01,70.93,73.67,77.47,80.46,83.19,86.05,86.74,90.08,88.48,90.16,91.46,92.31,99.50,95.39,97.74,101.09,104.08,103.37,102.75,110.98,115.62,107.98,102.66,105.55,106.63,118.50,121.74,120.99,122.59,127.52,125.94,125.12,116.58,119.52,119.90,123.41,105.99,104.16,113.28,118.85,112.28,107.40,103.70,110.14,108.93,116.46,118.80,118.24,121.63
KWT,Kuwait,MtCO2e,7.80,9.97,14.28,17.01,25.31,35.39,35.12,25.42,23.15,26.81,25.02,27.12,27.61,24.22,19.31,16.81,18.46,17.20,20.97,17.63,24.62,25.14,21.09,21.54,28.29,29.07,35.23,31.38,32.83,35.77,37.81,14.92,29.65,49.13,55.23,54.59,49.91,54.67,51.56,53.82,53.39,57.49,57.98,59.62,63.11,71.17,73.39,74.88,82.30,86.95,89.27,86.26,101.77,83.72,75.62,92.45,101.90,95.94,97.05,104.36,99.78,106.13
CZE,Czech Republic,MtCO2e,99.05,107.50,114.56,120.49,125.40,122.20,121.52,121.28,126.88,134.69,154.42,161.98,163.45,164.11,166.00,173.67,180.41,185.79,187.46,182.56,184.68,182.65,180.85,181.08,187.17,184.60,185.85,183.64,180.62,172.33,164.21,148.88,145.71,140.13,132.67,131.63,135.00,130.83,125.43,116.57,127.16,127.03,123.95,127.48,128.25,125.69,126.57,128.37,122.91,115.01,117.48,115.19,111.28,106.71,104.23,105.00,106.66,107.75,106.34,101.01,91.85,97.14
BEL,Belgium,MtCO2e,90.91,92.70,98.02,105.68,103.55,105.33,105.10,107.36,118.44,123.49,125.49,121.37,130.64,138.64,134.95,121.82,129.68,126.20,135.45,139.79,134.84,123.57,117.10,101.20,104.97,104.00,102.37,102.59,99.74,106.79,120.29,123.36,122.49,121.42,124.80,125.93,129.47,123.98,130.21,124.70,126.72,126.06,126.86,128.25,128.78,125.64,123.88,120.48,120.18,107.73,114.56,105.02,102.36,102.67,96.89,101.06,99.60,99.13,99.87,99.43,90.37,95.72
QAT,Qatar,MtCO2e,0.18,0.16,0.19,6.13,6.27,6.29,6.27,6.68,7.08,7.17,7.56,9.14,10.78,12.46,10.48,10.95,10.37,9.92,10.52,14.34,13.08,12.84,12.33,11.24,12.30,12.38,13.27,11.47,11.90,14.29,11.41,17.38,26.78,30.68,30.30,31.30,31.67,36.79,31.72,30.76,34.01,41.21,40.70,41.30,42.71,50.69,63.20,62.90,64.26,68.60,71.92,79.65,93.82,83.99,91.55,91.33,87.54,100.18,95.23,101.15,92.86,95.67
BGD,Bangladesh,MtCO2e,2.21,2.29,2.52,2.89,2.97,3.12,3.18,3.37,3.87,3.75,3.80,3.61,3.51,4.55,4.65,4.86,5.56,5.78,5.98,6.61,7.60,7.89,8.55,8.19,9.08,10.19,11.41,11.80,13.48,13.38,14.08,14.74,15.38,16.06,17.54,21.04,21.49,23.13,23.20,25.07,26.52,31.03,31.98,33.46,35.95,37.68,41.69,42.64,45.30,49.15,53.99,56.56,60.71,61.80,66.01,73.16,76.19,80.73,82.49,91.66,90.83,93.18
COL,Colombia,MtCO2e,16.39,18.20,19.42,21.23,21.68,22.86,23.47,24.69,26.57,28.02,28.37,30.28,31.43,33.63,36.39,35.81,37.98,39.24,41.53,44.27,44.17,44.26,45.68,49.21,48.70,48.08,48.75,50.12,52.02,52.79,56.90,56.65,61.49,63.34,66.79,58.78,59.77,64.50,65.16,54.76,56.26,55.94,55.43,57.09,54.57,60.06,62.00,60.18,66.65,72.56,76.28,76.08,80.26,88.10,97.86,95.47,98.73,79.69,82.43,96.44,85.53,91.70
CHL,Chile,MtCO2e,13.48,14.45,16.71,17.34,17.51,17.75,18.77,19.24,21.20,22.53,24.64,27.06,28.14,27.59,25.88,22.94,24.03,23.01,22.84,24.72,25.09,24.34,20.47,20.67,22.00,21.28,22.01,22.40,26.59,32.00,32.89,30.95,31.98,33.95,37.52,41.07,47.61,55.43,56.79,60.89,58.10,52.56,54.47,54.86,59.03,60.93,63.95,70.68,70.80,65.90,71.31,78.06,79.62,81.74,77.59,81.76,84.24,84.07,84.47,91.96,83.83,85.45
TKM,Turkmenistan,MtCO2e,12.08,12.48,13.12,14.09,15.01,15.93,16.83,17.62,18.14,18.90,19.87,21.11,22.23,23.19,24.10,25.35,26.33,27.22,28.16,28.39,29.49,28.96,29.50,29.93,30.19,32.54,35.81,36.38,37.19,37.64,31.31,32.64,31.99,27.52,33.44,33.93,30.60,30.56,32.03,37.61,37.47,32.16,27.82,37.57,46.45,45.44,46.87,46.76,56.67,50.17,57.11,62.18,69.14,70.61,71.78,73.70,73.46,73.36,73.25,74.76,72.04,83.01
OMN,Oman,MtCO2e,false,false,false,false,0.01,0.03,0.03,0.14,0.16,0.23,0.23,2.09,2.09,2.11,2.33,7.25,8.32,8.50,7.79,7.72,6.04,6.01,5.73,7.53,8.05,8.62,9.82,9.40,10.52,9.99,11.22,11.59,11.89,13.22,15.05,15.72,14.88,15.25,16.30,20.56,21.54,20.11,25.23,32.03,27.59,29.47,39.05,43.97,46.09,43.48,50.32,55.10,62.71,65.25,65.90,67.38,65.67,68.62,72.56,72.18,72.51,80.99
VEN,Venezuela,MtCO2e,57.02,51.88,54.06,56.15,56.55,60.73,56.97,65.75,65.57,68.93,74.49,62.50,62.51,66.43,75.06,63.75,57.27,63.65,68.59,76.45,90.64,91.79,93.20,92.91,93.00,101.03,109.24,110.66,115.75,108.57,121.82,115.05,105.58,123.97,129.53,132.88,122.34,133.48,166.80,172.56,151.87,171.97,192.75,191.46,151.27,163.82,160.16,149.92,168.69,169.57,184.08,175.94,175.72,198.43,175.96,165.85,152.39,140.38,102.67,89.11,76.47,79.75
ROU,Romania,MtCO2e,53.39,55.72,63.81,69.46,72.04,78.64,84.09,92.03,100.08,111.53,119.98,125.68,132.25,144.77,150.72,162.01,174.47,178.08,193.54,195.68,196.20,197.73,195.33,200.12,188.82,193.91,201.64,211.63,212.22,213.60,173.46,141.92,131.51,122.28,120.54,125.58,128.94,117.96,104.40,88.36,92.67,98.15,98.36,102.84,102.11,100.24,103.18,107.89,105.85,87.00,84.63,91.75,90.24,78.93,78.45,78.00,77.01,80.04,80.52,77.03,74.14,79.33
LBY,Libya,MtCO2e,0.69,1.19,1.05,1.46,0.66,1.01,2.63,18.49,30.11,35.52,32.31,21.63,15.22,14.58,9.34,11.57,17.89,20.20,21.16,25.93,26.78,28.67,30.57,30.15,28.28,31.00,33.90,32.35,36.16,37.07,36.51,42.62,37.02,38.71,43.75,45.69,44.51,45.51,45.81,45.05,47.51,48.46,48.19,49.47,50.63,56.99,53.26,49.98,53.59,53.12,60.65,49.21,55.28,43.46,60.60,54.55,51.65,53.44,54.02,69.24,58.57,74.53
MAR,Morocco,MtCO2e,3.64,3.77,3.07,3.95,4.42,4.25,5.46,5.41,5.62,5.82,7.28,8.19,8.03,9.61,11.10,11.07,11.49,12.62,12.99,15.85,15.82,15.72,16.90,17.63,17.65,17.68,18.68,19.90,20.93,22.66,22.30,23.69,24.74,26.78,28.12,28.75,29.52,29.98,30.88,31.99,33.20,36.81,37.31,36.57,42.23,44.66,46.25,48.91,51.37,50.86,54.37,54.87,56.95,56.61,57.17,58.50,58.46,61.47,63.01,68.61,64.72,70.58
AUT,Austria,MtCO2e,30.78,31.82,33.87,36.95,38.90,38.14,39.21,39.92,42.30,44.64,50.63,52.07,56.07,60.02,57.29,54.21,58.20,55.99,57.23,61.32,52.02,55.83,53.57,51.67,54.21,54.37,53.73,57.37,52.94,53.70,62.15,65.74,60.24,60.67,61.05,64.02,67.37,67.26,66.90,65.65,66.15,70.15,71.95,77.46,77.68,79.08,76.81,74.11,73.48,67.30,72.01,69.89,67.27,67.76,64.16,66.35,67.21,69.59,66.56,67.94,62.04,64.63
BLR,Belarus,MtCO2e,40.22,41.50,43.58,46.76,49.74,52.77,55.74,58.31,59.98,62.49,65.74,69.78,73.43,76.56,79.50,83.57,86.75,89.67,92.75,93.49,97.12,95.30,97.07,98.42,99.26,106.98,121.40,111.75,114.79,109.11,108.35,104.07,93.48,80.56,67.88,60.91,61.73,61.59,60.07,57.97,54.91,54.00,53.84,55.09,58.25,59.31,61.74,60.22,62.84,60.58,62.45,61.31,62.55,64.13,63.65,58.80,58.13,59.26,62.09,62.04,58.59,59.60
PRK,North Korea,MtCO2e,23.79,26.43,30.69,32.83,35.62,44.22,47.60,52.39,59.27,64.08,73.48,107.45,89.50,97.33,101.61,107.62,110.03,113.67,108.21,110.26,114.08,114.39,116.89,125.16,134.66,144.28,156.84,175.62,199.23,209.25,118.38,112.82,97.98,89.58,81.58,76.08,66.29,63.68,58.75,64.14,69.16,71.66,68.64,70.14,71.72,75.01,76.17,63.48,70.33,53.46,50.09,36.19,37.57,27.01,30.54,24.62,27.57,51.74,47.63,52.76,55.34,56.38
GRC,Greece,MtCO2e,9.39,9.81,10.15,12.24,13.20,17.00,18.62,19.50,22.29,25.43,24.13,27.75,31.48,37.13,36.06,38.67,42.66,46.66,47.68,50.82,50.89,50.13,51.51,54.79,56.28,59.77,58.27,62.58,67.05,73.23,83.44,83.41,84.98,84.28,86.43,86.96,89.11,93.80,98.62,97.93,102.97,105.36,105.00,109.07,109.49,113.89,112.42,114.55,111.08,104.32,97.35,94.51,91.39,81.71,78.64,74.93,71.36,74.85,71.78,65.76,55.61,56.31
PER,Peru,MtCO2e,8.16,8.63,9.96,10.22,12.25,11.95,13.24,13.64,14.49,15.29,17.77,18.59,18.15,19.72,21.33,21.93,22.40,23.30,22.41,22.22,24.06,24.03,23.60,20.39,20.63,19.45,21.78,25.69,25.02,21.76,21.40,20.76,20.99,23.88,23.76,24.67,24.22,27.29,27.61,29.17,30.10,26.98,27.01,26.21,31.71,36.93,28.43,34.67,40.81,51.32,57.17,48.92,45.51,43.02,49.39,49.23,52.81,53.73,55.16,57.68,47.49,56.28
ISR,Israel,MtCO2e,6.46,7.06,7.93,8.20,9.14,12.93,13.58,13.53,13.79,14.80,16.56,16.22,16.89,19.26,19.37,19.54,19.50,19.77,21.03,20.86,20.98,21.02,23.85,23.71,23.50,24.61,26.35,27.07,29.70,31.39,35.82,36.15,42.08,44.23,47.47,49.87,51.94,54.87,56.01,54.76,59.52,63.02,59.30,62.41,58.68,56.52,62.15,62.80,67.98,63.86,68.29,68.59,74.78,63.10,60.28,62.94,61.16,58.84,60.26,58.65,55.01,54.53
MNG,Mongolia,MtCO2e,1.29,1.39,1.97,1.60,2.04,1.96,1.95,2.15,2.48,2.68,2.85,3.03,3.28,3.47,3.74,4.05,4.39,4.96,5.76,6.28,6.86,6.61,6.71,6.97,6.42,9.00,9.60,10.48,11.49,10.46,9.79,11.96,10.94,9.19,7.86,7.84,7.94,7.62,7.62,7.49,7.43,7.80,8.20,7.93,8.50,8.52,9.28,11.96,11.92,13.03,13.77,21.37,35.00,43.48,29.63,23.28,25.63,34.14,45.32,47.25,49.61,50.32
HUN,Hungary,MtCO2e,45.33,48.93,50.51,56.23,62.34,61.23,61.67,58.77,61.09,62.36,69.93,69.20,69.34,72.96,73.98,75.25,79.84,83.01,87.96,85.99,86.61,86.35,86.60,88.86,90.56,85.83,83.24,84.14,78.05,75.92,73.23,69.66,62.08,63.39,61.79,61.39,63.02,61.62,61.16,61.66,58.37,59.97,59.00,61.76,60.13,60.28,59.63,58.55,57.25,51.46,52.07,50.19,46.76,43.61,43.73,46.65,47.11,49.52,49.46,49.23,47.28,48.45
BGR,Bulgaria,MtCO2e,22.27,25.95,30.70,34.37,42.82,46.27,48.72,55.11,59.46,66.31,61.17,64.22,66.08,68.72,71.14,72.92,72.96,75.80,81.21,78.93,77.25,80.09,89.84,90.06,87.04,89.22,91.17,91.27,86.91,86.48,76.70,61.52,57.37,58.43,56.40,57.95,58.50,55.86,53.17,46.38,45.46,48.98,46.16,50.53,49.58,50.65,51.89,55.74,54.08,45.81,47.86,53.17,48.34,42.68,45.27,48.26,45.48,47.57,43.62,42.26,36.97,42.56
ECU,Ecuador,MtCO2e,1.76,1.64,1.56,1.79,2.14,2.27,2.42,2.59,3.11,3.59,4.28,4.22,4.59,5.26,6.08,7.35,8.10,7.47,10.41,12.14,13.41,16.65,19.24,19.50,21.19,19.35,15.19,15.02,17.17,20.15,16.46,16.16,21.96,24.09,13.54,22.69,24.02,18.21,22.31,21.36,20.56,22.94,24.75,26.75,28.79,29.97,29.09,33.69,29.57,32.50,34.83,37.40,37.41,39.66,43.73,41.28,40.18,40.08,38.25,40.26,34.46,41.32
NOR,Norway,MtCO2e,13.09,13.34,14.06,14.97,16.17,16.39,19.54,19.30,21.11,22.19,27.98,27.17,29.39,30.49,27.69,30.61,33.35,33.33,32.65,34.66,31.81,31.84,30.96,32.00,33.87,32.35,34.86,33.28,35.68,34.23,35.10,33.53,34.45,36.00,37.91,38.51,41.57,41.73,41.87,42.64,42.15,43.53,42.59,43.98,44.31,43.34,43.93,45.67,44.80,43.23,45.69,44.79,44.30,44.59,45.05,45.59,44.77,44.24,44.39,42.78,41.20,40.92
PRT,Portugal,MtCO2e,8.21,9.08,9.29,10.01,11.01,11.58,11.84,12.39,12.99,14.59,15.24,16.38,18.31,19.95,20.64,21.28,22.33,22.61,22.58,24.86,26.77,27.00,29.00,29.90,28.79,27.13,30.22,31.20,32.57,40.82,45.33,47.14,50.97,49.48,50.26,54.52,51.82,54.69,59.25,66.90,65.69,65.24,69.64,64.54,67.39,69.72,64.92,62.44,60.11,57.21,53.00,51.80,49.96,48.16,47.95,52.27,50.44,55.21,51.46,47.62,41.80,40.80
BHR,Bahrain,MtCO2e,0.58,1.77,1.59,1.19,1.60,1.23,0.65,1.00,1.10,1.27,2.59,3.04,3.68,5.52,5.40,5.75,6.57,7.46,7.76,8.13,7.88,8.52,9.83,8.22,9.20,10.19,11.00,11.42,12.14,11.72,12.41,11.86,10.87,14.61,14.75,14.79,15.59,17.29,18.37,17.99,18.79,14.08,15.87,16.77,17.88,19.80,19.42,26.77,29.68,28.10,29.08,28.47,27.12,31.16,30.90,32.46,31.56,32.84,32.79,37.81,37.60,39.02
AZE,Azerbaijan,MtCO2e,19.11,19.73,20.73,22.25,23.68,25.13,26.54,27.77,28.57,29.77,31.30,33.24,34.98,36.48,37.89,39.84,41.38,42.79,44.27,44.64,46.39,45.54,46.40,47.07,47.50,51.21,53.33,50.56,51.57,51.56,51.33,49.96,56.17,48.41,41.94,33.31,31.24,29.80,31.67,28.57,29.51,28.79,29.64,30.62,32.08,34.29,39.11,30.46,35.45,31.86,30.63,32.98,32.77,33.56,34.35,34.68,34.73,34.61,34.58,37.74,37.51,38.49
FIN,Finland,MtCO2e,15.09,14.92,16.79,19.34,22.83,25.30,29.49,28.59,33.28,37.90,40.35,40.54,44.11,49.32,46.61,46.03,51.20,50.14,51.83,54.24,58.14,51.40,42.98,41.46,42.15,49.55,53.21,57.53,52.06,52.45,56.91,55.19,54.27,56.31,61.73,58.12,64.03,62.70,59.35,58.87,57.01,62.51,65.04,72.65,68.94,57.05,68.37,66.76,58.62,55.91,64.08,56.64,51.15,51.70,47.60,44.10,47.18,44.58,45.80,42.38,37.60,37.60
IRL,Ireland,MtCO2e,11.17,12.35,13.11,13.45,14.22,13.72,15.09,16.39,17.80,18.49,19.39,22.48,22.04,22.85,23.29,22.05,22.29,23.57,23.58,27.40,26.27,26.06,25.57,25.73,25.55,26.75,28.55,30.23,29.88,30.06,32.94,33.67,33.50,33.72,34.84,35.85,37.47,38.80,40.71,42.44,45.25,47.61,46.08,45.68,46.17,48.16,47.60,47.66,47.36,42.18,41.79,38.06,38.23,37.28,36.85,38.72,40.37,39.08,39.01,37.33,35.15,37.54
MMR,Myanmar,MtCO2e,2.71,2.59,2.88,2.63,2.86,2.73,2.81,3.62,2.93,3.21,4.61,5.10,4.89,4.11,4.67,4.58,4.89,5.17,5.15,5.09,5.51,5.62,5.58,5.75,6.55,6.68,6.76,4.94,4.09,4.43,4.24,4.14,4.84,5.30,6.20,6.91,7.20,7.44,8.04,8.93,10.18,8.83,9.29,9.94,12.51,11.52,12.78,12.80,9.73,10.16,13.08,15.04,11.82,12.72,15.85,21.89,21.14,23.63,34.78,34.61,36.09,36.31
TTO,Trinidad and Tobago,MtCO2e,2.58,4.60,7.23,1.68,3.79,5.19,4.05,4.63,4.04,3.90,8.99,8.10,8.24,9.39,10.04,9.61,15.91,16.16,15.31,16.71,16.92,17.24,18.41,16.28,17.50,20.72,17.35,17.49,15.83,16.11,16.98,16.97,19.10,17.41,17.02,16.46,20.77,20.56,19.75,22.46,24.19,26.57,28.59,32.25,32.58,37.94,42.41,45.23,44.10,44.22,46.96,46.68,46.18,45.82,46.89,45.56,39.89,40.32,40.33,40.77,35.76,36.12
SWE,Sweden,MtCO2e,49.17,48.80,51.27,55.31,60.37,62.56,72.52,68.93,77.61,86.38,92.29,84.51,84.70,87.29,79.82,80.76,88.24,85.74,79.48,84.87,71.71,69.39,62.26,58.27,57.31,62.36,62.01,59.69,57.43,55.52,57.58,57.95,57.69,57.73,60.19,59.61,63.52,58.43,58.89,56.03,54.89,55.82,56.79,57.37,56.68,54.07,53.89,53.15,51.07,47.42,53.29,49.41,46.92,45.35,43.48,43.74,43.42,42.70,42.09,40.98,36.52,35.85
SVK,Slovakia,MtCO2e,31.63,34.34,36.59,38.52,40.09,39.05,38.81,38.72,40.52,43.03,49.35,51.76,52.25,52.46,53.06,55.52,57.70,59.44,59.97,58.41,59.10,58.45,57.90,57.98,59.95,59.15,59.56,58.86,57.89,55.25,61.47,53.28,48.88,46.35,43.75,44.14,44.02,44.10,43.82,43.04,41.14,43.22,41.96,42.29,42.78,42.79,42.55,40.97,41.36,37.62,38.40,37.98,35.91,35.57,33.66,34.47,34.91,36.11,36.10,33.78,31.09,35.31
CHE,Switzerland,MtCO2e,19.50,20.36,24.12,29.07,28.13,30.33,31.49,32.52,35.98,38.05,40.24,41.89,42.92,46.20,41.43,39.05,40.44,41.04,42.17,39.87,40.49,38.81,36.59,40.02,39.13,39.78,42.25,40.21,40.66,39.42,44.16,46.13,46.02,43.61,42.68,43.42,44.11,43.05,44.62,44.45,43.62,45.08,43.46,44.65,45.24,45.78,45.37,43.37,44.71,43.54,45.05,40.99,42.25,43.19,39.23,38.73,39.19,38.18,36.87,36.73,34.24,34.93
NZL,New Zealand,MtCO2e,11.53,11.76,11.20,12.22,13.09,13.69,14.00,13.63,13.47,14.26,14.18,15.05,16.19,18.20,18.76,18.27,19.25,20.31,18.02,16.49,17.48,16.56,18.27,18.00,19.34,21.86,22.95,24.17,25.45,25.45,25.50,26.18,28.17,27.76,27.90,28.00,29.30,31.28,29.86,31.47,32.25,34.38,34.54,36.24,35.84,37.42,37.33,36.41,37.51,34.62,34.81,34.27,35.95,35.24,35.44,35.81,34.15,35.69,35.70,37.12,34.46,33.79
SGP,Singapore,MtCO2e,1.39,2.09,2.51,3.30,3.60,2.43,0.48,2.82,5.13,6.89,17.83,16.28,21.72,20.69,21.43,23.86,29.34,27.61,32.46,35.42,30.43,25.71,28.38,33.40,31.97,32.40,34.10,31.81,35.28,41.00,43.54,44.24,47.44,49.66,60.09,40.55,48.01,56.74,47.41,49.20,48.39,49.20,47.09,49.44,46.86,40.32,46.47,47.19,59.99,43.13,55.07,31.21,48.33,50.88,52.25,56.47,35.65,37.16,46.02,29.92,29.91,32.51
TUN,Tunisia,MtCO2e,1.72,1.76,1.79,1.94,2.75,2.46,2.88,3.08,3.59,3.85,3.74,4.21,4.73,4.82,5.39,5.54,5.84,6.75,7.48,8.75,9.47,9.80,9.49,11.25,11.49,11.87,11.99,11.66,12.38,13.14,13.13,15.36,14.89,16.35,15.78,15.55,16.58,16.75,17.81,18.12,19.67,20.55,20.56,20.93,21.93,22.27,22.60,23.68,24.33,24.32,27.10,25.53,27.14,27.58,28.67,30.27,29.88,30.49,30.00,29.70,27.58,31.58
SRB,Serbia,MtCO2e,15.30,16.04,16.46,18.31,20.74,21.34,21.15,21.37,22.86,23.70,30.96,33.36,31.27,37.34,37.50,39.11,40.36,39.23,43.82,47.65,46.84,50.96,46.80,50.39,53.13,54.19,56.58,55.22,56.98,56.79,56.45,39.98,43.68,38.10,37.04,39.14,45.82,49.26,51.88,35.79,44.95,49.31,52.23,55.82,60.17,51.63,60.84,59.55,51.78,45.90,45.70,48.96,43.74,44.57,37.21,43.78,45.04,45.53,44.32,44.34,44.55,30.87
DNK,Denmark,MtCO2e,29.75,31.70,36.89,40.67,43.15,44.29,50.08,49.03,53.27,59.34,62.04,57.01,59.59,59.22,55.04,55.74,60.10,61.82,61.10,62.98,60.35,51.77,53.68,50.17,50.86,60.07,58.91,58.35,55.11,48.81,53.58,64.20,58.39,60.64,64.70,61.61,74.87,65.47,61.24,58.65,54.31,55.90,55.55,60.65,55.10,51.53,59.49,54.71,51.26,48.85,49.20,44.25,39.87,41.77,37.58,35.23,37.03,34.78,34.73,30.96,28.28,29.58
DOM,Dominican Republic,MtCO2e,1.04,1.03,1.24,1.25,1.75,1.55,1.67,1.57,2.35,2.65,3.11,3.52,4.67,5.96,6.41,6.33,6.32,5.60,5.43,6.79,6.43,6.14,6.30,7.87,7.39,7.24,8.12,9.69,9.74,10.26,8.94,9.54,10.42,11.21,11.80,15.11,16.48,17.27,17.79,17.82,18.99,19.14,20.95,21.34,17.33,17.94,19.11,19.99,20.33,19.78,20.55,21.32,21.25,21.27,21.80,23.49,24.64,24.02,25.76,28.36,26.38,28.92
SYR,Syria,MtCO2e,3.22,3.06,3.20,3.61,4.36,3.67,4.91,4.60,5.95,7.23,6.65,8.87,7.76,7.89,9.65,11.17,13.74,14.63,15.18,22.48,20.73,26.53,24.36,27.77,32.85,29.39,31.07,35.94,36.68,34.27,37.05,42.20,42.56,45.22,46.19,41.20,42.32,45.38,49.76,51.77,50.48,48.14,38.44,53.58,50.38,49.88,52.84,65.72,66.88,61.56,60.72,57.78,47.80,34.01,30.92,28.59,29.00,32.61,30.23,27.48,26.16,27.00
JOR,Jordan,MtCO2e,0.74,0.98,1.05,1.22,1.24,1.42,1.58,1.41,1.50,1.76,1.56,1.65,1.91,2.20,2.23,2.49,2.94,3.15,3.63,3.78,4.70,5.83,6.26,7.30,8.25,8.42,9.17,9.51,9.18,9.08,10.48,9.90,11.98,11.77,13.25,13.21,13.83,14.07,14.25,14.27,15.20,15.61,16.42,16.98,18.67,20.44,20.53,21.44,20.72,21.34,20.62,21.24,23.81,23.82,25.90,25.56,24.25,25.43,24.96,26.33,24.94,25.59
LBN,Lebanon,MtCO2e,2.58,2.68,2.85,3.02,3.26,3.31,3.62,3.56,3.69,4.34,3.94,5.30,5.65,7.07,7.09,6.27,5.92,5.39,5.50,5.79,5.89,5.84,5.72,6.94,6.71,7.76,7.48,7.67,7.35,7.72,7.87,8.12,9.73,10.35,11.11,12.25,12.75,15.10,16.29,16.43,15.47,16.41,16.24,18.53,17.21,16.65,14.79,13.75,17.42,20.96,20.00,20.26,22.33,22.16,23.99,25.73,26.46,27.85,26.20,26.40,24.48,24.96
BOL,Bolivia,MtCO2e,1.00,1.04,1.10,1.21,1.48,1.51,1.69,1.89,2.18,2.55,2.48,3.06,3.57,3.45,3.51,4.05,4.57,4.47,5.02,4.73,4.66,4.78,4.34,4.28,4.03,4.11,3.76,4.01,4.29,4.97,10.01,10.50,11.01,11.55,12.58,12.43,12.61,10.83,10.93,10.48,8.47,8.17,8.28,9.95,10.02,11.16,11.56,12.70,13.58,14.26,15.50,17.08,17.77,18.99,20.68,21.24,22.68,23.48,23.80,23.24,21.07,23.32
CUB,Cuba,MtCO2e,13.69,12.17,14.15,13.03,14.28,14.59,15.17,15.74,16.02,17.24,18.65,19.59,20.78,22.38,22.89,27.04,27.20,29.37,30.66,31.68,31.37,32.72,34.53,30.82,32.58,32.56,33.55,33.93,35.62,35.72,29.65,27.17,20.59,19.82,21.38,22.84,23.33,24.81,24.29,24.47,25.78,25.22,25.52,25.94,25.22,24.44,24.69,24.24,28.11,28.40,34.20,29.43,29.84,28.12,27.61,29.47,28.26,25.22,22.63,22.84,19.73,22.06
AGO,Angola,MtCO2e,0.55,0.45,1.18,1.15,1.22,1.19,1.55,0.99,1.67,2.78,3.58,3.41,4.50,4.87,4.87,4.41,3.28,3.53,5.40,5.49,5.33,5.27,4.64,5.10,4.99,4.68,4.63,5.79,5.05,4.92,5.09,5.06,5.16,5.75,3.86,10.95,10.42,7.35,7.27,9.13,9.52,9.67,12.60,8.99,18.70,19.01,22.10,24.98,25.49,27.57,28.86,30.33,25.54,24.72,25.15,25.53,27.21,24.30,22.78,21.82,20.28,21.36
GHA,Ghana,MtCO2e,1.46,1.34,1.43,1.72,1.65,1.70,1.44,1.49,1.76,1.69,2.62,2.29,2.42,2.47,2.93,2.74,2.43,2.99,2.96,2.65,2.55,3.03,3.03,3.64,2.57,3.30,3.03,3.26,3.41,3.29,3.79,4.21,3.66,4.31,5.09,5.15,5.47,6.20,6.25,6.37,6.10,6.73,7.23,7.44,7.15,6.80,9.16,9.62,8.93,7.50,9.71,11.23,14.38,14.34,14.98,16.03,15.56,13.94,17.11,18.71,19.65,21.31
SDN,Sudan,MtCO2e,1.25,1.27,1.36,1.54,1.70,2.22,2.42,2.92,2.84,3.83,4.45,4.56,4.93,4.97,5.21,3.88,3.44,3.48,3.15,3.27,3.43,3.33,3.50,3.57,3.20,3.72,3.88,3.06,4.43,3.43,4.77,4.47,3.99,2.75,3.79,3.90,4.03,4.94,4.29,4.65,5.06,5.82,7.42,8.28,10.47,10.03,10.98,12.90,13.63,14.19,14.40,14.02,15.21,17.01,17.54,21.19,20.04,22.43,21.86,21.95,20.04,21.04
LKA,Sri Lanka,MtCO2e,2.26,2.33,2.56,2.53,2.27,2.66,2.66,2.95,3.24,4.32,3.59,3.19,3.54,3.68,2.93,2.89,2.80,2.91,3.44,3.81,3.39,4.01,4.47,4.85,3.85,3.92,3.66,4.03,3.46,3.45,3.83,4.14,5.11,4.98,5.44,5.81,6.97,7.52,7.74,8.52,10.13,10.33,10.95,10.95,12.15,11.94,11.79,12.15,11.99,12.94,13.05,14.89,15.80,14.68,17.69,19.83,23.02,23.03,20.99,22.22,21.70,20.78
LAO,Laos,MtCO2e,0.08,0.11,0.13,0.15,0.17,0.18,0.23,0.32,0.17,0.32,0.57,0.42,0.49,0.52,0.29,0.25,0.22,0.23,0.23,0.22,0.19,0.15,0.16,0.18,0.18,0.21,0.21,0.21,0.21,0.23,0.51,0.55,0.59,0.61,0.63,0.67,0.75,0.79,0.82,0.85,0.96,1.06,1.17,1.22,1.28,1.34,1.76,1.84,2.13,2.67,3.00,3.17,3.40,4.26,4.45,9.23,16.46,19.68,20.56,19.60,20.49,20.78
GTM,Guatemala,MtCO2e,1.34,1.41,1.38,1.52,1.77,1.97,1.74,1.98,2.14,2.28,2.30,2.44,2.71,2.93,3.07,3.52,3.30,3.80,4.12,4.68,4.49,3.95,3.61,3.16,3.40,3.50,3.66,3.92,4.08,4.19,4.97,4.95,5.92,5.58,6.75,7.08,6.57,7.50,8.64,8.81,9.76,10.23,10.72,10.45,11.18,12.11,12.18,12.14,10.89,11.44,11.10,11.24,11.58,12.81,13.83,15.95,16.93,17.32,18.69,19.76,17.60,20.33
KEN,Kenya,MtCO2e,2.42,2.40,2.62,2.85,2.82,2.46,2.68,2.70,2.82,3.13,3.08,3.68,3.87,3.91,4.94,4.97,4.60,5.04,5.30,5.01,6.15,6.47,4.63,4.59,4.25,3.72,4.07,5.08,4.69,5.09,5.69,4.71,5.40,6.21,6.42,7.41,9.15,8.12,9.90,10.03,10.39,9.24,7.82,6.59,7.44,8.34,9.34,9.54,9.91,11.97,11.74,12.93,11.97,12.91,13.88,16.30,17.39,17.02,18.17,19.18,18.28,19.88
KHM,Cambodia,MtCO2e,0.23,0.29,0.31,0.39,0.34,0.38,0.44,0.39,0.46,1.32,1.15,0.22,0.09,0.09,0.05,0.05,0.05,0.05,0.05,0.03,0.29,0.30,0.34,0.37,0.41,0.42,0.43,0.44,0.45,0.45,1.26,1.30,1.35,1.39,1.43,1.50,1.52,1.47,1.88,1.89,1.97,2.25,2.21,2.38,2.44,2.77,3.00,3.47,3.87,4.56,5.08,5.27,5.58,5.64,6.83,8.37,10.92,12.50,14.39,18.02,18.70,19.03
ETH,Ethiopia,MtCO2e,0.35,0.34,0.40,0.42,0.41,0.64,0.82,1.07,1.73,1.67,1.65,1.85,1.41,1.75,1.74,1.21,1.17,1.05,1.37,1.84,1.82,1.86,1.47,1.83,1.65,1.80,2.20,2.55,2.64,2.79,2.99,2.96,2.94,2.99,2.20,2.51,2.79,2.98,3.15,3.09,3.46,4.26,4.43,4.87,5.16,4.96,5.32,5.84,6.42,6.45,6.34,7.40,8.11,9.78,12.02,12.70,14.35,15.55,15.81,18.30,17.04,17.79
HRV,Croatia,MtCO2e,5.68,5.95,6.11,6.80,7.70,7.93,7.86,7.95,8.50,8.82,11.53,12.42,11.63,13.91,13.96,14.56,15.03,14.61,16.33,17.76,17.46,18.98,17.43,18.77,19.80,20.19,21.10,20.59,21.25,21.19,22.98,16.99,16.37,16.81,16.05,16.82,17.34,18.56,19.01,20.02,19.66,20.79,21.89,23.22,22.89,23.34,23.55,24.86,23.59,21.80,21.02,20.65,19.09,18.43,17.68,17.82,18.11,18.74,17.72,17.86,16.87,17.70
NPL,Nepal,MtCO2e,0.08,0.08,0.09,0.10,0.15,0.18,0.19,0.21,0.25,0.40,0.23,0.20,0.27,0.42,0.42,0.35,0.28,0.34,0.33,0.51,0.54,0.45,0.44,0.49,0.70,0.68,0.70,0.86,0.98,0.89,0.72,1.03,1.23,1.40,1.62,2.31,2.35,2.64,2.22,3.19,3.04,3.24,2.60,2.81,2.58,2.99,2.46,2.57,3.35,4.13,4.82,5.22,5.47,6.22,7.59,6.90,9.76,11.65,14.83,13.43,13.94,14.17
LTU,Lithuania,MtCO2e,14.91,15.38,16.16,17.35,18.46,19.58,20.69,21.65,22.28,23.22,24.44,25.98,27.39,28.61,29.76,31.33,32.55,33.69,34.89,35.19,36.58,35.96,36.65,37.21,37.56,40.47,36.03,36.04,36.44,36.79,35.77,37.85,21.20,16.35,15.80,15.09,15.77,15.20,16.03,13.48,11.88,12.63,12.70,12.69,13.29,14.12,14.43,15.82,15.20,13.04,13.95,14.29,14.35,13.36,13.11,13.32,13.35,13.57,13.69,13.92,13.65,13.88
SEN,Senegal,MtCO2e,0.83,0.81,0.81,0.86,0.92,1.69,1.72,0.70,0.10,0.49,1.31,1.35,1.45,1.55,1.85,2.58,1.77,2.24,2.62,2.89,3.34,3.28,3.04,2.61,3.28,2.65,2.64,2.42,2.71,3.66,3.14,3.38,3.42,3.54,3.84,3.43,3.66,3.18,3.33,3.60,3.90,4.26,4.44,4.93,5.24,5.54,4.42,4.86,4.74,5.26,6.86,7.82,7.36,7.85,8.72,9.85,10.02,10.76,11.33,12.76,12.74,13.60
BIH,Bosnia and Herzegovina,MtCO2e,5.26,5.52,5.66,6.30,7.13,7.34,7.27,7.35,7.86,8.15,10.65,11.47,10.75,12.84,12.90,13.46,13.89,13.51,15.09,16.42,16.14,17.57,16.14,17.38,18.32,18.69,19.52,19.06,19.66,19.60,19.41,13.73,15.03,12.58,3.21,3.40,4.24,8.37,10.55,10.33,13.70,13.26,14.17,14.36,15.46,16.05,17.39,17.47,19.96,20.54,21.15,23.76,22.13,21.80,19.31,18.46,21.73,22.16,22.07,20.81,20.93,13.57
TZA,Tanzania,MtCO2e,0.83,0.70,0.77,0.80,1.03,1.16,1.37,1.76,1.65,1.79,1.77,2.46,2.16,3.18,2.30,2.28,2.79,2.01,2.20,2.06,1.87,2.11,2.15,2.20,2.35,2.34,2.28,2.37,2.27,2.16,2.11,2.26,2.18,2.43,2.06,2.43,2.53,2.82,2.48,2.46,2.57,3.04,3.49,3.69,4.23,5.36,5.88,5.71,5.91,5.77,6.93,7.75,9.06,9.91,9.90,10.64,10.87,11.40,11.79,13.04,12.29,13.06
PAN,Panama,MtCO2e,1.00,1.10,1.19,1.18,1.24,1.53,1.66,1.70,2.02,2.05,2.20,2.60,2.80,3.24,3.02,3.66,3.61,3.46,2.83,3.18,3.11,3.32,3.28,3.48,2.87,2.73,2.73,3.18,2.91,2.51,2.63,3.10,4.11,3.78,4.18,3.65,4.45,4.63,5.90,5.62,5.73,6.95,5.82,6.09,5.71,6.97,7.52,7.35,7.33,8.46,9.07,9.95,9.77,10.51,10.86,10.79,10.44,11.22,10.77,13.42,11.66,13.03
SVN,Slovenia,MtCO2e,4.34,4.55,4.67,5.19,5.89,6.06,6.00,6.06,6.48,6.72,8.79,9.47,8.86,10.58,10.62,11.07,11.42,11.09,12.39,13.48,13.24,14.39,13.21,14.22,15.00,15.30,15.98,15.58,16.14,16.06,15.09,13.97,13.88,14.25,14.64,15.35,16.00,16.51,16.04,15.41,15.05,16.30,16.56,16.27,16.70,16.93,17.18,17.34,18.28,16.20,16.46,16.36,15.76,15.13,13.57,13.65,14.46,14.62,14.53,14.05,12.87,12.55
YEM,Yemen,MtCO2e,3.63,2.66,3.88,2.92,3.63,3.93,3.46,3.05,11.64,4.68,2.51,1.97,1.49,2.73,2.25,2.17,2.56,2.98,3.10,3.22,3.31,4.23,5.93,6.29,7.10,8.57,8.19,8.63,9.55,9.94,9.52,9.13,9.87,8.63,8.98,10.35,10.53,11.32,12.06,13.72,14.49,16.02,15.55,17.08,18.65,19.79,21.08,20.72,22.03,24.25,23.15,20.19,20.36,27.16,26.48,14.08,10.90,10.59,10.47,12.68,12.14,12.48
AFG,Afghanistan,MtCO2e,0.41,0.49,0.69,0.71,0.84,1.01,1.09,1.28,1.22,0.94,1.67,1.89,1.53,1.64,1.91,2.12,1.98,2.38,2.15,2.23,1.76,1.98,2.09,2.52,2.82,3.50,3.13,3.11,2.86,2.76,2.02,1.91,1.48,1.49,1.45,1.42,1.37,1.30,1.28,1.09,1.05,1.07,1.34,1.56,1.24,1.89,2.16,2.80,4.25,6.39,8.36,11.84,10.04,9.25,9.17,9.79,9.07,9.87,10.82,11.08,11.68,11.87
ZWE,Zimbabwe,MtCO2e,5.94,5.06,4.89,4.70,4.47,5.21,6.04,5.29,6.38,6.74,8.15,8.73,8.22,9.27,9.05,8.31,10.85,9.28,9.28,9.43,9.61,9.41,8.78,10.43,9.88,10.21,13.07,15.17,16.03,16.11,15.55,15.50,16.71,16.05,17.39,15.03,14.91,13.91,14.13,15.73,13.82,12.51,11.90,10.61,9.43,10.70,10.37,9.84,7.72,8.25,8.75,10.36,11.25,11.67,11.95,12.26,10.53,9.60,11.80,11.11,10.61,11.30
GEO,Georgia,MtCO2e,5.87,6.06,6.37,6.84,7.29,7.73,8.17,8.55,8.80,9.17,9.64,10.24,10.78,11.25,11.68,12.29,12.76,13.19,13.65,13.76,14.30,14.03,14.30,14.50,14.63,15.77,15.57,15.73,16.32,16.20,15.95,15.87,15.28,9.92,6.07,2.29,4.05,4.43,4.94,4.31,4.50,3.73,3.35,3.74,4.28,5.02,6.10,6.37,5.31,6.14,6.21,7.80,8.25,8.01,8.94,9.76,10.07,10.17,10.06,10.92,10.69,11.01
HND,Honduras,MtCO2e,0.62,0.74,0.70,0.71,0.72,0.75,0.81,0.88,1.22,1.18,1.39,1.33,1.53,1.51,1.55,1.66,1.77,1.99,2.04,1.92,2.04,1.81,1.75,1.98,1.96,1.89,1.82,2.14,2.46,2.68,2.50,2.53,2.80,2.94,3.23,3.84,3.88,4.01,4.81,4.70,5.03,5.66,5.95,6.69,7.19,6.83,7.70,8.22,8.53,8.03,8.00,8.86,9.22,9.36,9.48,10.35,9.72,10.23,9.86,11.23,9.84,10.90
BRN,Brunei,MtCO2e,0.33,0.30,0.37,0.36,0.34,0.33,0.49,0.44,0.43,0.49,8.20,7.51,9.45,9.97,8.18,7.08,6.02,6.39,9.53,7.43,6.88,2.06,2.66,2.73,1.92,2.59,2.30,3.32,5.71,6.34,6.19,5.31,5.21,4.96,4.69,4.79,4.74,4.93,5.16,3.80,4.59,4.39,4.25,4.47,4.87,4.87,4.74,8.31,8.99,7.75,8.06,9.54,9.50,7.63,8.83,6.93,7.63,9.31,9.34,10.49,10.55,10.48
EST,Estonia,MtCO2e,14.62,15.07,15.82,16.96,18.04,19.13,20.21,21.13,21.72,22.61,23.79,25.25,26.57,27.70,28.76,30.24,31.40,32.47,33.58,33.86,35.19,34.52,35.17,35.67,35.99,38.83,38.82,37.89,38.00,38.93,36.92,34.14,24.42,19.44,20.05,18.07,19.04,18.68,16.94,15.96,15.50,15.90,15.38,17.28,17.34,17.11,16.45,19.97,17.89,14.44,19.00,18.98,17.79,19.70,18.86,15.85,17.56,18.76,17.94,12.38,9.34,10.45
TJK,Tajikistan,MtCO2e,4.71,4.86,5.10,5.47,5.82,6.18,6.53,6.83,7.02,7.32,7.70,8.17,8.60,8.97,9.32,9.80,10.18,10.52,10.89,10.98,11.40,11.19,11.40,11.57,11.67,12.58,12.13,11.79,12.72,12.60,12.05,9.74,7.31,5.17,2.36,2.45,2.82,2.15,2.50,2.52,2.23,2.29,1.88,2.07,2.56,2.44,2.66,3.23,2.90,2.44,2.54,2.34,2.93,2.91,4.60,5.30,6.44,7.86,9.11,9.83,9.43,10.34
KGZ,Kyrgyzstan,MtCO2e,8.27,8.53,8.96,9.60,10.21,10.83,11.44,11.96,12.30,12.80,13.48,14.30,15.06,15.70,16.30,17.14,17.79,18.38,19.01,19.15,19.89,19.51,19.87,20.15,20.32,21.90,21.90,21.31,21.45,20.83,19.32,15.96,11.08,8.50,6.15,4.51,5.66,5.57,5.91,4.65,4.60,3.86,4.92,5.38,5.81,5.51,5.42,6.52,7.55,6.74,6.31,7.55,10.00,9.66,10.10,10.28,9.65,9.35,11.10,9.03,8.49,9.31
CMR,Cameroon,MtCO2e,0.27,0.28,0.29,0.30,0.34,0.31,0.34,0.46,0.51,0.57,0.64,0.81,0.86,0.90,0.97,1.16,1.09,1.56,1.99,1.82,3.89,5.32,6.32,6.55,6.05,6.47,1.99,1.84,2.15,7.58,2.60,2.67,2.71,2.87,2.84,3.20,3.59,3.16,3.14,3.00,3.35,3.33,3.33,3.70,3.85,3.59,3.75,5.70,5.43,6.59,6.66,6.52,7.60,7.85,8.77,9.85,9.94,9.59,9.63,9.50,9.01,9.30
PRY,Paraguay,MtCO2e,0.30,0.36,0.39,0.41,0.43,0.55,0.51,0.49,0.59,0.52,0.74,0.63,0.71,0.87,0.95,0.84,1.03,1.15,1.45,1.33,1.49,1.38,1.36,1.41,1.49,1.55,1.65,1.88,2.14,2.22,2.14,2.10,2.58,2.91,3.40,3.94,3.72,4.13,4.38,4.38,3.61,3.70,3.86,4.03,4.06,3.78,3.91,4.04,4.28,4.53,5.02,5.20,5.17,5.17,5.46,6.05,7.15,8.07,8.51,8.24,8.03,8.58
PNG,Papua New Guinea,MtCO2e,0.18,0.20,0.20,0.26,0.27,0.30,0.34,0.44,0.50,0.56,0.69,0.82,1.27,1.34,1.59,1.53,1.57,1.58,1.67,1.80,1.83,1.93,1.95,2.01,2.04,2.13,2.06,2.33,2.20,2.03,2.15,2.17,2.19,2.19,2.18,2.06,2.19,2.58,2.86,2.44,2.66,3.21,3.48,3.94,4.48,4.38,4.31,6.12,4.79,5.09,4.66,5.22,5.07,5.43,6.60,6.50,6.81,6.47,7.52,7.88,8.33,8.51
LUX,Luxembourg,MtCO2e,11.51,11.58,11.54,11.44,12.30,12.19,11.61,11.35,12.26,13.18,13.74,13.19,13.49,14.18,14.42,11.86,11.86,10.95,11.88,12.16,11.07,9.49,8.92,8.36,9.00,9.24,9.11,8.81,9.10,9.85,11.82,12.44,12.21,12.35,11.54,9.15,9.20,8.55,7.68,8.13,8.71,9.21,9.98,10.46,11.83,12.09,11.92,11.32,11.18,10.64,11.20,11.10,10.87,10.33,9.83,9.35,9.09,9.26,9.57,9.75,8.10,8.35
CRI,Costa Rica,MtCO2e,0.49,0.49,0.55,0.60,0.67,0.85,0.99,0.88,1.04,1.15,1.25,1.53,1.76,2.04,1.90,2.04,2.08,2.61,2.91,2.78,2.45,2.24,2.07,2.09,1.98,2.24,2.58,2.72,2.91,2.93,2.91,3.29,3.74,3.89,5.20,4.80,4.69,4.92,5.23,5.44,5.39,5.67,6.25,6.58,6.84,6.72,7.01,7.96,7.99,7.75,7.49,7.31,7.26,7.63,7.75,7.41,8.00,8.20,8.23,8.05,7.08,7.82
BEN,Benin,MtCO2e,0.16,0.13,0.14,0.12,0.14,0.15,0.11,0.14,0.15,0.20,0.28,0.29,0.39,0.38,0.41,0.44,0.26,0.30,0.36,0.37,0.48,0.39,0.44,0.40,0.45,0.69,0.62,0.47,0.51,0.57,0.58,0.62,0.67,0.81,0.91,0.96,1.18,1.22,1.11,1.46,1.47,1.69,2.11,2.39,2.59,2.49,3.35,3.93,3.92,4.22,4.68,4.48,4.40,4.57,4.80,5.33,6.49,6.80,7.43,7.14,7.26,7.76
JAM,Jamaica,MtCO2e,1.47,2.13,2.12,2.40,4.06,2.99,3.52,3.86,3.88,4.27,4.99,5.75,6.28,8.29,7.59,8.18,7.28,7.44,9.11,8.53,8.45,7.41,6.21,6.44,5.14,5.04,4.55,5.38,4.53,6.72,7.53,7.75,7.71,8.00,8.19,9.17,9.69,10.07,9.69,9.96,10.31,10.58,10.20,10.67,10.57,10.42,11.58,10.75,10.78,7.93,7.68,8.26,7.91,8.49,7.70,8.00,8.16,7.80,8.09,7.82,6.94,7.69
ZMB,Zambia,MtCO2e,4.36,3.71,3.58,3.44,3.27,3.91,3.50,4.79,4.57,4.27,3.77,3.79,4.06,4.59,4.20,4.08,4.02,3.73,3.47,3.60,3.52,3.36,3.51,3.26,2.80,2.73,2.87,2.67,3.11,2.57,2.41,2.38,2.42,2.47,2.39,2.14,1.84,2.35,2.28,1.78,1.78,1.89,1.96,2.07,2.10,2.24,2.23,2.29,2.55,2.94,3.12,3.37,4.17,4.42,4.88,5.07,5.86,6.84,7.41,7.75,7.28,7.68
CYP,Cyprus,MtCO2e,0.89,0.86,0.90,0.99,1.00,1.15,1.24,1.36,1.62,1.67,1.70,1.88,2.41,2.50,1.93,1.99,2.49,2.70,2.85,3.05,3.26,3.10,3.16,3.15,3.23,3.15,3.61,4.18,4.20,4.43,4.65,5.14,5.52,5.76,6.00,5.87,6.22,6.31,6.61,6.88,7.12,7.00,7.19,7.58,7.80,7.96,8.19,8.50,8.72,8.47,8.10,7.79,7.26,6.58,6.95,6.97,7.38,7.53,7.34,7.34,7.27,7.60
COG,Republic of Congo,MtCO2e,0.22,0.27,0.24,0.23,0.27,0.25,0.31,0.32,0.45,0.50,0.57,0.69,0.66,1.22,1.62,1.10,1.23,0.48,0.32,0.35,0.41,0.47,1.34,1.14,1.14,1.28,1.06,1.32,1.49,1.50,1.01,1.08,1.29,1.16,1.77,1.19,1.34,1.92,0.36,0.36,0.48,0.60,0.49,0.81,0.86,1.00,1.13,1.21,1.33,1.72,1.96,2.24,5.02,5.89,5.47,5.66,5.81,5.70,6.60,7.34,7.53,7.46
LVA,Latvia,MtCO2e,9.66,9.96,10.46,11.22,11.93,12.66,13.37,13.99,14.39,14.98,15.76,16.74,17.62,18.37,19.09,20.07,20.85,21.56,22.30,22.49,23.37,22.94,23.37,23.71,23.93,25.79,23.59,19.28,18.85,17.93,19.66,17.92,14.19,11.92,10.37,9.13,9.21,8.68,8.31,7.72,7.08,7.50,7.52,7.73,7.73,7.81,8.31,8.64,8.20,7.46,8.55,7.81,7.52,7.37,7.17,7.26,7.21,7.21,7.86,7.65,6.99,7.27
SLV,El Salvador,MtCO2e,0.62,0.58,0.65,1.12,1.23,1.04,1.30,1.16,1.26,1.19,1.43,1.51,1.68,1.97,1.97,2.11,2.21,2.28,2.38,2.38,2.12,1.82,1.75,1.89,1.59,1.97,1.97,2.41,2.43,2.55,2.48,3.15,3.32,3.98,4.51,5.00,4.41,5.42,5.73,5.59,5.67,5.86,6.07,6.43,6.25,6.30,6.72,6.85,6.40,6.31,6.32,6.50,6.47,6.09,6.15,6.67,6.60,5.97,6.41,7.42,6.50,7.20
MOZ,Mozambique,MtCO2e,1.88,2.63,1.99,1.66,2.14,2.00,2.12,1.87,2.78,3.24,2.98,3.61,3.30,3.56,3.15,2.88,2.56,2.71,2.87,2.63,3.20,2.48,2.52,1.95,1.51,1.13,0.98,0.98,1.01,1.03,0.99,0.95,1.04,1.19,1.08,1.11,1.09,1.17,1.11,1.17,1.32,1.55,1.54,1.86,1.86,1.77,1.92,2.19,2.18,2.44,2.63,3.11,3.05,3.58,7.92,6.31,8.16,6.95,7.08,7.15,6.67,7.16
MKD,Macedonia,MtCO2e,3.85,4.03,4.14,4.60,5.21,5.36,5.31,5.37,5.74,5.95,7.78,8.38,7.86,9.39,9.43,9.84,10.15,9.88,11.04,12.00,11.80,12.85,11.80,12.71,13.40,13.67,14.28,13.94,14.38,14.34,14.18,10.04,10.98,10.12,10.53,10.64,11.68,10.58,12.57,11.67,12.00,11.93,10.87,11.23,11.11,11.18,10.83,9.38,9.30,8.59,8.50,9.20,8.73,7.77,7.46,7.02,6.99,7.50,7.03,7.99,6.65,6.85
ARM,Armenia,MtCO2e,3.16,3.26,3.43,3.68,3.92,4.16,4.39,4.60,4.73,4.93,5.19,5.51,5.81,6.06,6.30,6.63,6.89,7.13,7.38,7.44,7.73,7.59,7.74,7.86,7.93,8.54,8.14,8.17,9.30,9.42,8.94,7.27,5.86,2.58,2.71,3.43,2.60,3.27,3.40,3.05,3.49,3.53,3.08,3.46,3.69,4.38,4.40,5.10,5.57,4.36,4.25,4.97,5.75,5.54,5.60,5.47,5.20,5.54,5.83,6.28,6.43,6.81
URY,Uruguay,MtCO2e,4.31,4.12,4.01,4.31,4.55,5.52,5.40,4.88,4.88,5.59,5.74,5.80,6.07,5.77,5.68,5.96,5.89,5.64,5.73,6.26,5.82,5.36,4.85,3.80,3.44,3.28,3.16,3.54,4.79,4.85,3.97,4.53,5.14,4.44,4.03,4.56,5.41,5.51,5.64,6.68,5.27,5.03,4.56,4.53,5.56,5.73,6.60,5.95,8.20,7.95,6.30,7.65,8.59,7.49,6.68,6.74,6.52,6.16,6.57,6.49,6.30,6.74
BWA,Botswana,MtCO2e,false,false,false,false,false,false,false,false,false,false,false,false,0.02,0.05,0.09,0.19,0.59,0.78,0.83,0.94,0.99,1.01,1.10,1.03,1.04,1.16,1.07,1.24,1.30,1.43,2.70,2.63,2.78,3.19,3.03,3.04,2.76,2.80,3.34,3.16,3.78,3.85,3.98,3.83,3.89,4.09,4.13,4.23,4.50,3.86,4.54,4.03,5.08,5.66,6.85,5.42,6.35,7.08,7.50,6.78,6.26,6.50
UGA,Uganda,MtCO2e,0.42,0.41,0.43,0.43,0.49,0.63,0.73,0.81,0.98,1.18,1.44,1.44,1.38,1.18,1.19,1.13,0.99,0.80,0.70,0.67,0.63,0.53,0.54,0.61,0.58,0.62,0.70,0.77,0.86,0.80,0.76,0.78,0.80,0.80,0.71,0.93,1.02,1.06,1.21,1.25,1.36,1.42,1.45,1.51,1.61,2.02,2.38,2.71,2.78,3.00,3.57,3.82,3.63,3.75,4.09,4.53,4.79,5.38,5.63,6.01,5.51,5.78
GAB,Gabon,MtCO2e,0.13,0.16,0.09,0.07,0.19,0.22,0.38,1.01,1.96,1.43,2.08,2.84,2.74,5.31,5.45,5.36,5.70,6.31,7.55,6.75,6.62,6.56,6.54,5.51,5.98,6.30,4.95,4.01,4.32,5.76,4.48,4.52,4.92,4.97,4.37,4.61,4.75,4.77,4.96,4.79,4.67,4.77,4.54,4.61,4.66,4.86,4.14,4.09,4.16,4.23,4.78,4.93,5.63,5.93,6.37,6.48,6.52,6.29,5.99,5.74,5.69,5.71
BFA,Burkina Faso,MtCO2e,0.04,0.09,0.08,0.09,0.11,0.10,0.10,0.10,0.10,0.12,0.14,0.15,0.16,0.17,0.21,0.22,0.21,0.25,0.35,0.41,0.43,0.56,0.58,0.59,0.47,0.48,0.48,0.52,0.55,0.82,0.58,0.63,0.63,0.63,0.64,0.62,0.70,0.80,0.86,0.92,1.03,0.99,1.00,1.07,1.10,1.12,1.36,1.59,1.73,1.83,2.04,2.13,2.62,2.86,2.91,3.71,3.90,4.52,4.95,5.30,5.39,5.70
MDA,Moldova,MtCO2e,14.97,15.45,16.23,17.42,18.53,19.67,20.79,21.75,22.38,23.31,24.54,26.04,27.41,28.59,29.70,31.23,32.43,33.53,34.68,34.96,36.33,35.67,36.32,36.85,37.19,40.06,39.08,37.48,39.02,38.12,36.53,29.54,20.98,15.85,12.43,11.41,11.69,7.30,6.44,4.68,3.57,3.79,4.05,4.40,4.61,4.94,5.03,4.98,5.19,4.54,4.83,4.95,4.77,4.90,4.76,4.78,4.90,5.22,5.45,5.49,5.25,5.60
GNQ,Equatorial Guinea,MtCO2e,0.02,0.02,0.02,0.03,0.03,0.03,0.03,0.03,0.03,0.04,0.04,0.07,0.09,0.03,0.05,0.06,0.06,0.06,0.07,0.06,0.06,0.07,0.07,0.06,0.08,0.07,0.08,0.10,0.11,0.12,0.06,0.07,0.07,0.07,0.08,0.08,0.13,0.30,0.26,0.41,0.62,2.96,7.78,7.96,9.96,8.04,7.11,5.58,6.10,5.39,6.79,9.43,6.90,8.20,7.67,7.03,7.56,7.86,6.01,4.64,4.99,5.22
NIC,Nicaragua,MtCO2e,0.53,0.56,0.66,0.84,0.95,0.78,0.96,1.08,1.23,1.29,1.40,1.51,1.60,1.83,1.95,1.93,2.22,2.83,2.63,1.71,2.02,2.13,2.11,2.00,1.85,1.98,2.26,2.43,2.24,1.47,2.04,1.99,2.37,2.28,2.52,2.76,2.85,3.11,3.39,3.60,3.72,3.92,3.99,4.34,4.38,4.27,4.42,4.55,4.37,4.45,4.47,4.81,4.55,4.61,4.75,5.43,5.41,5.46,5.20,5.22,4.56,5.06
GIN,Guinea,MtCO2e,0.41,0.62,0.66,0.70,0.70,0.70,0.72,0.73,0.75,0.75,0.79,0.81,0.83,0.80,0.84,0.84,0.89,0.90,0.90,0.95,0.96,0.99,0.98,0.95,0.98,0.99,1.00,0.99,1.03,1.04,1.00,1.03,1.06,1.09,1.12,1.17,1.23,1.29,1.36,1.43,1.49,1.56,1.62,1.70,1.76,1.82,1.89,1.97,2.00,2.11,2.48,2.59,2.42,2.11,2.17,2.45,2.74,3.24,3.69,4.43,4.53,4.84
ALB,Albania,MtCO2e,2.02,2.28,2.46,2.08,2.01,2.17,2.55,2.68,3.07,3.24,3.74,4.35,5.64,5.29,4.34,4.59,4.95,5.72,6.49,7.58,5.17,7.34,7.31,7.63,7.83,7.88,8.06,7.45,7.33,8.99,5.52,4.29,2.52,2.34,1.92,2.09,2.02,1.54,1.75,2.99,3.02,3.22,3.75,4.30,4.18,4.26,3.91,3.95,4.40,4.41,4.78,5.31,4.85,5.29,6.00,4.71,4.63,5.56,4.98,4.95,4.73,4.62
MUS,Mauritius,MtCO2e,0.18,0.19,0.25,0.21,0.31,0.30,0.27,0.50,0.64,0.57,0.50,0.40,0.69,0.68,0.69,0.59,0.62,0.64,0.63,0.66,0.59,0.54,0.50,0.60,0.63,0.71,0.80,0.93,0.85,1.05,1.46,1.52,1.71,1.77,1.62,1.83,1.95,2.00,2.17,2.43,2.69,2.86,2.88,3.06,3.09,3.29,3.63,3.69,3.77,3.71,3.91,3.92,3.96,4.07,4.21,4.21,4.35,4.54,4.51,4.52,4.21,4.47
MDG,Madagascar,MtCO2e,0.40,0.36,0.40,0.46,0.48,0.56,0.58,0.84,0.91,0.85,0.97,1.03,1.29,1.07,1.19,1.69,0.99,0.85,1.02,1.13,1.61,1.02,1.01,0.65,0.87,1.05,1.14,1.28,1.29,0.93,0.93,1.01,0.98,1.01,1.25,1.29,1.34,1.62,1.71,1.82,1.87,1.74,1.23,1.68,1.79,1.73,1.67,1.72,1.78,1.71,1.87,2.37,2.74,3.21,3.16,3.23,3.27,4.12,3.82,4.30,4.00,4.24
MLI,Mali,MtCO2e,0.12,0.12,0.14,0.18,0.18,0.20,0.19,0.22,0.20,0.16,0.20,0.23,0.25,0.27,0.30,0.34,0.34,0.41,0.39,0.43,0.39,0.39,0.37,0.42,0.43,0.41,0.38,0.36,0.38,0.42,0.42,0.43,0.46,0.50,0.55,0.60,0.65,0.73,0.93,0.97,1.07,1.16,1.21,1.25,1.41,1.45,1.54,1.79,1.96,1.89,2.09,2.28,2.44,2.74,3.10,3.27,3.34,3.55,3.67,3.85,3.93,4.17
MRT,Mauritania,MtCO2e,0.04,0.05,0.06,0.09,0.12,0.16,0.18,0.20,0.23,0.27,0.43,0.40,0.45,0.47,0.48,0.51,0.52,0.56,0.58,0.60,0.63,0.63,0.88,0.94,0.87,0.66,0.37,3.24,3.18,2.80,0.85,0.87,0.91,0.93,0.96,1.01,1.06,1.08,1.07,1.10,1.11,1.17,1.25,1.29,1.39,1.44,1.42,1.64,1.77,1.96,2.04,2.15,2.45,2.17,2.57,3.00,2.63,3.42,3.66,3.77,3.86,4.12
NAM,Namibia,MtCO2e,false,false,false,false,false,false,false,false,false,false,false,false,false,false,false,false,false,false,false,false,false,false,false,false,false,false,false,false,false,false,false,1.06,1.15,1.39,1.57,1.62,1.72,1.77,1.82,1.66,1.60,2.01,1.79,1.88,1.97,2.31,2.34,2.26,2.70,2.76,2.84,2.78,3.36,2.57,3.68,3.85,4.05,4.22,4.15,4.11,3.95,4.01
ISL,Iceland,MtCO2e,1.21,1.09,1.20,1.30,1.31,1.40,1.49,1.44,1.59,1.26,1.39,1.47,1.48,1.75,1.74,1.61,1.70,1.90,1.92,1.98,1.86,1.75,1.59,1.54,1.81,1.62,1.78,1.85,1.84,1.90,2.22,2.10,2.24,2.39,2.34,2.46,2.51,2.61,2.63,2.83,2.92,2.86,2.98,2.98,3.10,2.97,3.14,3.48,3.80,3.72,3.62,3.49,3.49,3.48,3.44,3.53,3.49,3.60,3.66,3.55,3.33,3.38
PSE,Palestine,MtCO2e,false,false,false,false,false,false,false,false,false,false,false,false,false,false,false,false,false,false,false,false,false,false,false,false,false,false,false,false,false,false,0.86,0.88,0.92,0.93,0.97,0.95,1.04,0.86,1.46,1.37,1.66,1.35,1.15,1.28,2.19,2.74,2.26,2.32,2.05,2.09,2.03,2.25,2.20,2.44,2.84,3.01,3.23,3.27,2.96,3.27,3.02,3.09
GUY,Guyana,MtCO2e,0.66,0.74,0.68,0.62,0.65,1.08,1.18,1.32,1.33,1.37,1.58,1.50,1.56,1.80,1.55,1.82,1.75,1.90,2.06,1.52,1.79,1.80,1.40,1.25,1.40,1.42,1.04,1.31,1.40,1.18,1.13,1.11,1.04,1.04,1.46,1.57,1.65,1.81,1.83,1.83,1.75,1.74,1.71,1.86,1.93,1.62,1.51,1.78,1.71,1.91,1.89,1.96,1.96,1.91,1.97,2.00,2.35,2.32,2.48,2.73,3.19,3.09
HTI,Haiti,MtCO2e,0.29,0.30,0.30,0.25,0.30,0.30,0.30,0.26,0.26,0.31,0.38,0.40,0.39,0.42,0.47,0.48,0.67,0.70,0.75,0.75,0.75,0.76,0.82,0.89,0.90,0.93,0.83,0.90,1.01,1.02,0.99,0.98,0.89,0.68,0.18,0.88,1.02,1.35,1.23,1.27,1.63,1.47,1.79,1.70,1.65,1.72,1.75,1.77,1.76,1.89,2.14,2.27,2.26,2.71,2.70,2.66,2.98,3.10,3.37,3.05,2.62,2.88
SUR,Suriname,MtCO2e,0.43,0.43,0.49,0.53,0.60,0.80,1.10,1.33,1.45,1.52,1.61,1.71,1.74,2.11,1.60,2.02,2.00,1.90,2.39,2.29,2.37,2.03,1.87,1.37,1.55,1.60,1.76,1.76,1.87,1.85,1.74,2.02,2.03,2.04,2.04,2.06,2.08,2.10,2.10,2.12,2.19,2.36,1.56,1.54,1.56,1.59,1.74,1.76,1.94,1.99,2.37,2.45,2.18,2.84,2.89,2.41,2.35,2.11,1.87,2.68,2.61,2.79
NER,Niger,MtCO2e,0.03,0.05,0.07,0.09,0.10,0.09,0.14,0.13,0.16,0.19,0.22,0.23,0.25,0.33,0.29,0.33,0.33,0.37,0.42,0.48,0.57,0.68,0.75,0.96,0.99,0.99,0.90,1.00,0.99,1.04,0.60,0.57,0.53,0.60,0.58,0.56,0.64,0.65,0.70,0.68,0.69,0.65,0.70,0.75,0.81,0.71,0.69,0.72,0.80,0.96,1.17,1.32,1.85,2.07,2.25,2.21,2.15,2.25,1.79,2.47,2.49,2.70
COD,Democratic Republic of the Congo,MtCO2e,2.32,2.36,2.17,2.29,1.97,2.47,2.40,2.29,3.37,3.65,2.71,2.96,3.02,3.19,3.36,3.23,3.40,3.48,3.53,3.74,3.48,3.76,3.05,4.00,3.93,3.61,3.35,3.82,3.98,4.35,4.25,3.13,2.81,2.66,1.70,2.10,2.31,1.88,1.66,1.32,0.89,0.77,0.85,1.04,1.15,1.45,1.55,1.70,1.81,1.69,1.96,2.44,2.36,3.54,4.63,2.79,2.01,2.47,2.47,2.61,2.48,2.61
BHS,Bahamas,MtCO2e,0.41,0.55,0.73,0.71,1.08,1.32,1.09,1.70,1.63,1.74,2.57,6.72,6.48,7.86,7.38,8.25,6.46,9.71,6.60,6.92,7.97,2.80,2.26,2.01,1.85,1.51,1.41,1.42,1.54,1.95,2.02,2.00,1.87,1.74,1.77,1.84,1.81,1.61,1.99,2.03,2.03,1.95,2.04,2.07,2.05,1.91,1.85,1.87,1.92,1.95,1.90,2.11,2.31,2.70,2.43,2.14,1.98,2.10,2.70,2.54,2.17,2.39
TGO,Togo,MtCO2e,0.07,0.09,0.09,0.11,0.13,0.13,0.18,0.20,0.19,0.24,0.27,0.32,0.40,0.41,0.39,0.31,0.32,0.46,0.36,1.38,0.79,0.71,0.82,0.62,0.69,0.66,0.85,0.92,0.96,1.02,0.98,1.05,1.03,1.07,1.01,1.17,1.27,0.88,1.29,1.85,1.33,1.16,1.32,1.80,1.74,1.72,1.50,1.52,1.52,2.74,2.60,2.50,2.22,1.64,1.54,1.86,2.31,2.16,2.21,2.21,2.24,2.34
LSO,Lesotho,MtCO2e,false,false,false,false,false,false,false,false,false,false,false,false,false,false,false,false,false,false,false,false,false,false,false,false,false,false,false,false,false,false,1.47,1.53,1.59,1.63,1.67,1.71,1.74,1.77,1.80,1.82,1.85,1.88,1.91,1.93,1.98,2.01,2.04,2.07,2.13,2.22,2.28,3.06,3.09,2.33,2.47,2.24,2.21,2.51,2.37,2.39,2.19,2.28
MDV,Maldives,MtCO2e,false,false,false,false,false,false,false,false,false,false,false,0.00,0.00,0.00,0.00,0.01,0.01,0.01,0.02,0.03,0.04,0.05,0.05,0.05,0.06,0.07,0.08,0.08,0.10,0.12,0.17,0.15,0.23,0.20,0.20,0.25,0.29,0.33,0.30,0.42,0.45,0.46,0.59,0.51,0.67,0.60,0.76,0.78,0.84,0.88,0.93,0.99,1.11,1.09,1.32,1.31,1.44,1.51,1.74,1.95,2.06,2.12
TCD,Chad,MtCO2e,0.05,0.05,0.08,0.09,0.10,0.11,0.08,0.12,0.12,0.16,0.12,0.15,0.12,0.16,0.15,0.18,0.18,0.20,0.19,0.20,0.21,0.21,0.21,0.21,0.22,0.18,0.19,0.20,0.07,0.10,0.38,0.38,0.41,0.40,0.41,0.42,0.44,0.45,0.46,0.48,0.49,0.50,0.51,0.74,0.75,0.77,0.79,0.85,1.00,1.08,1.16,1.29,1.27,1.48,1.86,1.68,2.02,1.98,2.01,1.92,1.80,1.94
RWA,Rwanda,MtCO2e,0.07,0.09,0.08,0.08,0.04,0.05,0.04,0.04,0.05,0.06,0.06,0.06,0.07,0.07,0.07,0.18,0.27,0.27,0.29,0.30,0.49,0.60,0.61,0.70,0.63,0.62,0.60,0.61,0.69,0.68,0.52,0.47,0.48,0.48,0.46,0.45,0.46,0.48,0.48,0.50,0.52,0.52,0.52,0.51,0.52,0.51,0.51,0.54,0.53,0.56,0.57,0.65,0.72,0.78,0.83,0.97,1.07,1.17,1.28,1.81,1.66,1.75
MNE,Montenegro,MtCO2e,0.52,0.54,0.56,0.62,0.70,0.72,0.72,0.72,0.78,0.80,1.05,1.13,1.06,1.27,1.27,1.33,1.37,1.33,1.49,1.62,1.59,1.73,1.59,1.72,1.81,1.85,1.93,1.88,1.94,1.94,1.92,1.35,1.48,1.29,1.26,1.33,1.55,1.67,1.76,1.21,1.52,1.67,1.77,1.89,2.04,1.75,2.06,2.06,2.61,1.68,2.42,2.41,2.21,2.15,2.11,2.24,2.02,2.10,2.40,2.48,2.45,1.75
MLT,Malta,MtCO2e,0.34,0.29,0.33,0.41,0.50,0.47,0.41,0.52,0.64,0.65,0.66,0.66,0.84,0.81,0.74,0.67,0.76,0.80,0.93,0.91,1.02,1.14,1.31,1.00,1.36,1.20,1.48,1.85,2.01,2.17,2.39,2.24,2.29,2.87,2.65,2.44,2.55,2.56,2.51,2.59,2.51,2.65,2.69,2.96,2.82,2.64,2.66,2.73,2.74,2.53,2.59,2.58,2.73,2.38,2.36,1.67,1.36,1.53,1.55,1.65,1.60,1.72
SSD,South Sudan,MtCO2e,0.11,0.12,0.12,0.14,0.15,0.20,0.22,0.27,0.26,0.35,0.40,0.41,0.45,0.45,0.47,0.35,0.31,0.32,0.29,0.30,0.31,0.30,0.32,0.33,0.29,0.34,0.35,0.28,0.40,0.31,0.43,0.41,0.36,0.25,0.34,0.36,0.37,0.45,0.39,0.42,0.46,0.53,0.67,0.75,0.95,0.91,1.00,1.17,1.24,1.29,1.31,1.28,1.33,1.44,1.52,1.91,1.70,1.45,1.50,1.65,1.50,1.58
MWI,Malawi,MtCO2e,0.44,0.37,0.36,0.35,0.33,0.35,0.43,0.37,0.39,0.38,0.45,0.50,0.55,0.57,0.55,0.58,0.58,0.64,0.67,0.63,0.71,0.60,0.59,0.57,0.55,0.55,0.55,0.54,0.54,0.56,0.73,0.78,0.78,0.87,0.89,0.90,0.90,0.94,0.92,0.92,0.87,0.79,0.85,0.90,0.91,0.90,0.92,0.97,1.09,1.09,1.03,1.14,1.13,1.16,1.02,1.07,1.19,1.36,1.57,1.59,1.47,1.55
BTN,Bhutan,MtCO2e,false,false,false,false,false,false,false,false,false,false,0.00,0.00,0.00,0.00,0.00,0.00,0.00,0.01,0.01,0.02,0.02,0.03,0.03,0.03,0.05,0.06,0.05,0.10,0.11,0.06,0.13,0.18,0.20,0.17,0.20,0.24,0.28,0.38,0.37,0.37,0.38,0.37,0.40,0.36,0.29,0.38,0.37,0.37,0.40,0.37,0.46,0.67,0.77,0.85,0.95,0.97,1.15,1.24,1.35,1.45,1.50,1.52
FJI,Fiji,MtCO2e,0.19,0.17,0.23,0.24,0.42,0.34,0.32,0.36,0.40,0.43,0.52,0.55,0.58,0.63,0.67,0.62,0.48,0.76,0.71,0.84,0.79,1.08,0.84,0.71,0.58,0.57,0.60,0.47,0.55,0.63,0.80,0.66,0.73,0.73,0.72,0.74,0.79,0.76,0.74,0.76,0.81,1.00,0.84,0.99,1.29,1.03,1.15,1.08,0.82,0.74,1.09,1.01,0.97,1.04,1.18,1.24,1.18,1.31,1.36,1.36,1.43,1.47
SLE,Sierra Leone,MtCO2e,0.71,0.29,0.33,0.37,0.30,0.28,0.30,0.25,0.36,1.08,0.86,0.80,0.68,0.54,0.52,0.52,0.45,0.51,0.71,0.68,0.61,0.69,0.55,0.69,0.62,0.66,0.67,0.50,0.46,0.37,0.52,0.58,0.32,0.32,0.35,0.23,0.31,0.22,0.24,0.19,0.33,0.43,0.50,0.53,0.52,0.43,0.58,0.49,0.51,0.50,0.54,0.71,0.83,1.01,1.11,1.04,1.15,1.06,1.04,1.19,1.22,1.30
LBR,Liberia,MtCO2e,0.16,0.16,0.25,0.36,0.48,0.56,0.61,0.61,0.88,1.27,1.45,1.52,1.51,1.48,1.72,1.48,1.48,1.47,1.50,1.94,2.04,1.93,0.60,0.71,0.70,0.72,0.72,0.76,0.81,0.66,0.47,0.37,0.39,0.42,0.42,0.42,0.43,0.45,0.48,0.39,0.41,0.44,0.43,0.46,0.55,0.65,0.67,0.63,0.53,0.47,0.76,0.85,0.96,0.87,1.19,1.20,1.35,1.23,1.08,1.11,1.13,1.20
BRB,Barbados,MtCO2e,0.17,0.19,0.26,0.19,0.18,0.21,0.27,0.34,0.44,0.48,0.43,0.48,0.50,0.48,0.49,0.57,0.53,0.59,0.63,0.60,0.67,0.69,0.64,0.69,0.75,0.85,0.92,0.94,0.94,0.99,1.07,1.20,0.97,1.10,0.74,0.81,0.82,0.89,1.10,1.16,1.15,1.19,1.20,1.25,1.27,1.32,1.34,1.36,1.61,1.60,1.46,1.52,1.46,1.44,1.30,1.31,1.32,1.21,1.29,1.18,1.02,1.13
SWZ,Eswatini,MtCO2e,0.03,0.00,false,false,0.01,0.08,0.20,0.23,0.28,0.30,0.37,0.40,0.38,0.37,0.31,0.34,0.33,0.34,0.44,0.45,0.47,0.44,0.44,0.27,0.33,0.44,0.46,0.44,0.44,0.44,0.96,0.87,0.83,0.71,1.08,1.06,0.79,1.14,1.16,1.24,1.21,1.10,1.08,1.00,1.00,1.01,1.01,1.04,1.02,1.06,1.00,1.01,1.17,1.40,0.77,0.87,1.06,0.99,1.03,1.12,1.06,1.09
ERI,Eritrea,MtCO2e,false,false,false,false,false,false,false,false,false,false,false,false,false,false,false,false,false,false,false,false,false,false,false,false,false,false,false,false,false,false,false,false,false,false,0.74,0.82,0.90,0.81,0.59,0.62,0.60,0.63,0.60,0.71,0.77,0.77,0.55,0.56,0.41,0.50,0.50,0.56,0.60,0.62,0.63,0.63,0.65,0.70,0.83,0.86,0.78,0.82
TLS,Timor-Leste,MtCO2e,false,false,false,false,false,false,false,false,false,false,false,false,false,false,false,false,false,false,false,false,false,false,false,false,false,false,false,false,false,false,false,false,false,false,false,false,false,false,false,false,false,false,0.16,0.16,0.18,0.18,0.37,0.40,0.35,0.42,0.45,0.40,0.57,0.53,0.57,0.55,0.59,0.63,0.63,0.69,0.72,0.74
BDI,Burundi,MtCO2e,0.04,0.05,0.04,0.05,0.05,0.04,0.05,0.05,0.05,0.07,0.06,0.07,0.07,0.07,0.09,0.08,0.09,0.10,0.10,0.11,0.15,0.16,0.16,0.21,0.22,0.23,0.23,0.25,0.23,0.27,0.21,0.24,0.22,0.23,0.23,0.24,0.24,0.25,0.25,0.25,0.27,0.21,0.21,0.16,0.20,0.15,0.18,0.20,0.21,0.17,0.30,0.35,0.38,0.40,0.38,0.39,0.47,0.53,0.68,0.72,0.66,0.69
BLZ,Belize,MtCO2e,0.04,0.04,0.07,0.06,0.08,0.08,0.08,0.12,0.10,0.14,0.12,0.14,0.16,0.15,0.15,0.18,0.18,0.20,0.22,0.21,0.19,0.18,0.17,0.17,0.17,0.19,0.21,0.23,0.25,0.30,0.31,0.41,0.36,0.38,0.37,0.38,0.31,0.39,0.37,0.35,0.40,0.45,0.43,0.43,0.39,0.42,0.44,0.48,0.44,0.52,0.54,0.55,0.45,0.44,0.47,0.64,0.62,0.62,0.60,0.71,0.61,0.69
CPV,Cape Verde,MtCO2e,0.02,0.02,0.02,0.01,0.03,0.03,0.02,0.02,0.03,0.04,0.04,0.04,0.05,0.06,0.07,0.08,0.07,0.08,0.21,0.25,0.12,0.03,0.04,0.04,0.08,0.08,0.06,0.08,0.07,0.08,0.18,0.16,0.18,0.17,0.18,0.20,0.22,0.23,0.24,0.29,0.30,0.35,0.38,0.41,0.41,0.45,0.49,0.51,0.47,0.52,0.56,0.62,0.50,0.49,0.49,0.49,0.54,0.58,0.58,0.61,0.63,0.67
GMB,Gambia,MtCO2e,0.02,0.02,0.03,0.03,0.03,0.03,0.03,0.03,0.04,0.05,0.05,0.05,0.07,0.06,0.06,0.10,0.10,0.11,0.14,0.15,0.16,0.16,0.16,0.16,0.17,0.17,0.16,0.18,0.18,0.18,0.20,0.20,0.20,0.21,0.21,0.22,0.22,0.22,0.24,0.27,0.27,0.30,0.30,0.30,0.32,0.32,0.35,0.35,0.36,0.37,0.43,0.44,0.45,0.43,0.51,0.58,0.59,0.59,0.59,0.60,0.61,0.66
SOM,Somalia,MtCO2e,0.08,0.09,0.11,0.10,0.14,0.13,0.14,0.23,0.15,0.16,0.22,0.19,0.23,0.26,0.33,0.50,0.48,0.80,0.56,0.49,0.81,0.27,0.72,0.93,0.71,0.86,0.92,0.99,1.00,0.95,0.73,0.71,0.68,0.64,0.63,0.59,0.57,0.54,0.51,0.49,0.48,0.50,0.59,0.59,0.59,0.59,0.59,0.61,0.60,0.60,0.61,0.61,0.61,0.63,0.63,0.63,0.64,0.64,0.64,0.64,0.58,0.61
SYC,Seychelles,MtCO2e,false,false,false,0.01,0.01,0.01,0.01,0.01,0.01,0.01,0.03,0.03,0.04,0.05,0.05,0.06,0.08,0.08,0.08,0.12,0.10,0.10,0.08,0.10,0.10,0.15,0.16,0.20,0.20,0.23,0.15,0.17,0.17,0.18,0.20,0.20,0.23,0.27,0.29,0.30,0.32,0.34,0.35,0.34,0.37,0.38,0.38,0.40,0.41,0.44,0.44,0.41,0.43,0.41,0.46,0.50,0.55,0.58,0.60,0.59,0.54,0.57
LCA,Saint Lucia,MtCO2e,0.01,0.02,0.02,0.02,0.02,0.03,0.03,0.03,0.04,0.06,0.07,0.07,0.08,0.08,0.07,0.08,0.08,0.07,0.10,0.15,0.11,0.10,0.11,0.10,0.11,0.13,0.13,0.15,0.16,0.16,0.18,0.19,0.21,0.23,0.26,0.27,0.29,0.29,0.32,0.33,0.35,0.36,0.36,0.38,0.40,0.39,0.41,0.43,0.43,0.43,0.49,0.49,0.49,0.49,0.48,0.48,0.49,0.51,0.51,0.52,0.44,0.49
ATG,Antigua and Barbuda,MtCO2e,0.04,0.05,0.10,0.08,0.09,0.15,0.35,0.56,0.99,1.26,0.46,0.43,0.37,0.33,0.43,0.71,0.40,0.47,0.49,0.41,0.14,0.11,0.29,0.08,0.15,0.25,0.25,0.27,0.29,0.29,0.22,0.21,0.21,0.22,0.22,0.22,0.24,0.26,0.27,0.28,0.29,0.30,0.33,0.35,0.37,0.37,0.38,0.41,0.42,0.44,0.45,0.44,0.46,0.46,0.46,0.48,0.49,0.49,0.50,0.50,0.43,0.47
AND,Andorra,MtCO2e,false,false,false,false,false,false,false,false,false,false,false,false,false,false,false,false,false,false,false,false,false,false,false,false,false,false,false,false,false,false,0.41,0.41,0.41,0.41,0.41,0.43,0.45,0.47,0.49,0.51,0.52,0.52,0.53,0.53,0.56,0.58,0.55,0.54,0.54,0.52,0.52,0.49,0.49,0.48,0.46,0.47,0.47,0.47,0.49,0.48,0.45,0.45
DJI,Djibouti,MtCO2e,0.04,0.04,0.05,0.07,0.08,0.12,0.14,0.09,0.12,0.08,0.14,0.16,0.19,0.18,0.19,0.20,0.20,0.20,0.20,0.36,0.35,0.30,0.35,0.35,0.35,0.36,0.38,0.39,0.35,0.39,0.27,0.29,0.30,0.30,0.29,0.31,0.29,0.33,0.38,0.38,0.37,0.37,0.40,0.42,0.41,0.41,0.41,0.46,0.50,0.46,0.52,0.47,0.49,0.56,0.39,0.43,0.38,0.39,0.38,0.39,0.36,0.38
GNB,Guinea-Bissau,MtCO2e,0.02,0.03,0.04,0.05,0.06,0.07,0.07,0.05,0.06,0.06,0.07,0.07,0.07,0.11,0.10,0.11,0.10,0.10,0.10,0.11,0.15,0.14,0.14,0.14,0.16,0.17,0.18,0.19,0.22,0.23,0.17,0.18,0.18,0.18,0.18,0.18,0.18,0.20,0.17,0.19,0.15,0.15,0.15,0.19,0.20,0.21,0.22,0.23,0.23,0.23,0.24,0.24,0.25,0.25,0.26,0.28,0.30,0.30,0.31,0.32,0.33,0.35
GRD,Grenada,MtCO2e,0.02,0.02,0.03,0.01,0.02,0.02,0.03,0.04,0.04,0.05,0.04,0.05,0.05,0.05,0.04,0.05,0.05,0.05,0.05,0.05,0.05,0.06,0.06,0.06,0.06,0.06,0.07,0.07,0.10,0.10,0.11,0.11,0.12,0.12,0.14,0.15,0.15,0.17,0.18,0.19,0.19,0.19,0.21,0.22,0.21,0.22,0.23,0.24,0.25,0.25,0.26,0.25,0.27,0.30,0.23,0.26,0.27,0.28,0.31,0.33,0.29,0.32
SLB,Solomon Islands,MtCO2e,0.01,0.01,0.01,0.01,0.02,0.03,0.03,0.03,0.04,0.04,0.04,0.05,0.05,0.07,0.07,0.06,0.06,0.08,0.06,0.11,0.10,0.14,0.12,0.14,0.14,0.15,0.15,0.16,0.16,0.16,0.15,0.16,0.16,0.17,0.18,0.19,0.20,0.21,0.22,0.22,0.22,0.23,0.25,0.26,0.27,0.28,0.29,0.30,0.31,0.32,0.33,0.34,0.35,0.37,0.33,0.29,0.29,0.29,0.29,0.29,0.31,0.32
COM,Comoros,MtCO2e,0.01,0.01,0.01,0.01,0.01,0.01,0.02,0.02,0.02,0.02,0.03,0.03,0.03,0.03,0.03,0.03,0.04,0.04,0.03,0.02,0.05,0.05,0.05,0.05,0.05,0.05,0.04,0.05,0.05,0.05,0.07,0.07,0.07,0.07,0.07,0.08,0.08,0.08,0.09,0.10,0.10,0.11,0.11,0.14,0.15,0.14,0.16,0.11,0.11,0.14,0.16,0.14,0.15,0.18,0.16,0.18,0.22,0.27,0.29,0.31,0.28,0.30
WSM,Samoa,MtCO2e,0.01,0.02,0.02,0.02,0.03,0.03,0.03,0.03,0.03,0.03,0.03,0.04,0.04,0.04,0.04,0.06,0.04,0.07,0.10,0.08,0.08,0.08,0.07,0.07,0.07,0.08,0.08,0.08,0.08,0.08,0.09,0.10,0.10,0.10,0.10,0.11,0.12,0.12,0.14,0.14,0.14,0.15,0.16,0.16,0.16,0.17,0.17,0.18,0.16,0.17,0.18,0.19,0.19,0.19,0.20,0.23,0.24,0.25,0.24,0.27,0.29,0.29
PLW,Palau,MtCO2e,false,false,false,false,false,false,false,false,false,false,false,false,false,false,false,false,false,false,false,false,false,false,false,false,false,false,false,false,false,false,false,false,0.20,0.20,0.20,0.20,0.20,0.20,0.20,0.20,0.21,0.22,0.21,0.21,0.22,0.22,0.23,0.25,0.21,0.20,0.21,0.22,0.22,0.23,0.22,0.21,0.21,0.22,0.21,0.22,0.23,0.24
KNA,Saint Kitts and Nevis,MtCO2e,false,false,false,false,false,false,false,false,false,false,false,false,false,false,false,false,false,false,false,false,false,0.05,0.07,0.05,0.05,0.05,0.06,0.05,0.07,0.07,0.11,0.11,0.11,0.11,0.12,0.13,0.13,0.14,0.15,0.16,0.17,0.18,0.20,0.20,0.21,0.20,0.20,0.22,0.22,0.22,0.22,0.23,0.22,0.22,0.23,0.23,0.24,0.24,0.25,0.25,0.22,0.24
CAF,Central African Republic,MtCO2e,0.09,0.09,0.07,0.07,0.07,0.09,0.08,0.09,0.18,0.19,0.21,0.18,0.17,0.16,0.11,0.10,0.13,0.13,0.15,0.10,0.11,0.14,0.14,0.15,0.15,0.16,0.16,0.26,0.23,0.25,0.18,0.19,0.19,0.20,0.21,0.21,0.21,0.22,0.22,0.23,0.23,0.25,0.24,0.22,0.22,0.22,0.23,0.23,0.16,0.16,0.17,0.19,0.19,0.12,0.12,0.18,0.20,0.22,0.22,0.23,0.21,0.23
VCT,Saint Vincent and the Grenadines,MtCO2e,0.01,0.01,0.01,0.01,0.02,0.01,0.02,0.02,0.02,0.03,0.03,0.03,0.04,0.04,0.03,0.03,0.03,0.03,0.04,0.03,0.04,0.04,0.04,0.05,0.07,0.07,0.07,0.08,0.07,0.08,0.08,0.08,0.08,0.10,0.12,0.13,0.13,0.13,0.16,0.16,0.15,0.18,0.19,0.20,0.22,0.22,0.22,0.23,0.22,0.28,0.22,0.22,0.23,0.22,0.25,0.23,0.24,0.22,0.24,0.23,0.19,0.21
TON,Tonga,MtCO2e,0.01,0.01,0.01,0.01,0.01,0.01,0.01,0.01,0.01,0.01,0.03,0.02,0.02,0.03,0.02,0.03,0.03,0.03,0.04,0.04,0.04,0.05,0.04,0.05,0.05,0.05,0.05,0.05,0.07,0.07,0.08,0.09,0.07,0.08,0.09,0.10,0.08,0.10,0.09,0.11,0.10,0.09,0.10,0.12,0.11,0.11,0.13,0.11,0.12,0.13,0.12,0.10,0.11,0.11,0.11,0.12,0.12,0.14,0.14,0.16,0.17,0.17
VUT,Vanuatu,MtCO2e,false,false,0.04,0.03,0.06,0.05,0.08,0.08,0.06,0.04,0.04,0.06,0.06,0.05,0.06,0.05,0.04,0.05,0.06,0.06,0.06,0.05,0.05,0.05,0.05,0.12,0.06,0.05,0.07,0.06,0.07,0.07,0.06,0.06,0.06,0.07,0.08,0.08,0.08,0.08,0.08,0.09,0.08,0.08,0.06,0.06,0.05,0.10,0.10,0.12,0.12,0.13,0.11,0.11,0.15,0.13,0.15,0.14,0.18,0.16,0.17,0.17
MHL,Marshall Islands,MtCO2e,false,false,false,false,false,false,false,false,false,false,false,false,false,false,false,false,false,false,false,false,false,false,false,false,false,false,false,false,false,false,false,false,0.08,0.08,0.08,0.09,0.09,0.09,0.09,0.09,0.10,0.10,0.11,0.11,0.12,0.11,0.12,0.12,0.13,0.13,0.14,0.14,0.14,0.14,0.14,0.14,0.14,0.15,0.15,0.15,0.15,0.16
FSM,Micronesia,MtCO2e,false,false,false,false,false,false,false,false,false,false,false,false,false,false,false,false,false,false,false,false,false,false,false,false,false,false,false,false,false,false,false,false,0.14,0.14,0.15,0.18,0.18,0.19,0.20,0.19,0.18,0.16,0.15,0.16,0.14,0.12,0.11,0.13,0.11,0.15,0.10,0.12,0.12,0.14,0.14,0.14,0.14,0.14,0.14,0.15,0.15,0.16
DMA,Dominica,MtCO2e,0.01,0.01,0.01,0.01,0.01,0.01,0.01,0.02,0.02,0.02,0.03,0.03,0.03,0.03,0.03,0.03,0.03,0.03,0.03,0.03,0.04,0.04,0.04,0.04,0.04,0.05,0.05,0.05,0.05,0.06,0.06,0.06,0.06,0.06,0.07,0.08,0.07,0.08,0.08,0.08,0.10,0.11,0.10,0.12,0.14,0.14,0.14,0.18,0.16,0.16,0.17,0.15,0.16,0.17,0.18,0.18,0.18,0.16,0.16,0.17,0.14,0.16
LIE,Liechtenstein,MtCO2e,false,false,false,false,false,false,false,false,false,false,false,false,false,false,false,false,false,false,false,false,false,false,false,false,false,false,false,false,false,false,0.20,0.21,0.21,0.22,0.20,0.20,0.21,0.22,0.23,0.23,0.22,0.21,0.22,0.23,0.23,0.23,0.23,0.20,0.22,0.21,0.19,0.18,0.19,0.19,0.16,0.16,0.15,0.16,0.14,0.15,0.14,0.15
STP,Sao Tome and Principe,MtCO2e,0.01,0.01,0.01,0.01,0.01,0.01,0.01,0.01,0.01,0.01,0.01,0.01,0.01,0.01,0.02,0.02,0.03,0.03,0.03,0.03,0.04,0.04,0.05,0.05,0.05,0.05,0.05,0.05,0.05,0.05,0.05,0.05,0.05,0.05,0.05,0.05,0.05,0.05,0.05,0.05,0.05,0.05,0.06,0.07,0.07,0.08,0.08,0.08,0.08,0.09,0.10,0.10,0.12,0.12,0.12,0.12,0.12,0.13,0.13,0.13,0.12,0.13
COK,Cook Islands,MtCO2e,false,false,false,false,false,false,false,false,false,0.01,0.01,0.01,0.01,0.01,0.01,0.01,0.01,0.03,0.03,0.03,0.03,0.07,0.05,0.05,0.02,0.02,0.02,0.02,0.02,0.02,0.04,0.04,0.04,0.05,0.05,0.05,0.05,0.05,0.05,0.05,0.05,0.04,0.03,0.03,0.05,0.07,0.06,0.05,0.05,0.05,0.07,0.07,0.08,0.08,0.08,0.08,0.07,0.08,0.08,0.08,0.09,0.09
KIR,Kiribati,MtCO2e,false,0.01,0.01,0.02,0.02,0.01,0.01,0.02,0.03,0.01,0.02,0.03,0.03,0.04,0.03,0.03,0.03,0.02,0.02,0.03,0.03,0.03,0.03,0.02,0.02,0.02,0.02,0.02,0.02,0.02,0.02,0.02,0.03,0.03,0.03,0.03,0.03,0.03,0.03,0.03,0.03,0.03,0.04,0.05,0.05,0.06,0.07,0.06,0.07,0.05,0.06,0.05,0.05,0.05,0.06,0.05,0.05,0.07,0.07,0.07,0.07,0.07
NRU,Nauru,MtCO2e,false,false,false,false,0.03,0.03,0.03,0.05,0.05,0.07,0.07,0.09,0.08,0.08,0.10,0.10,0.10,0.11,0.11,0.11,0.12,0.12,0.12,0.12,0.12,0.12,0.16,0.16,0.16,0.16,0.12,0.12,0.12,0.11,0.11,0.11,0.10,0.10,0.10,0.09,0.08,0.08,0.08,0.07,0.07,0.06,0.04,0.04,0.04,0.04,0.04,0.04,0.04,0.05,0.05,0.05,0.05,0.05,0.05,0.05,0.06,0.06
NIU,Niue,MtCO2e,false,false,false,false,false,false,false,false,false,false,0.00,0.00,0.00,0.00,0.00,0.00,0.00,0.00,0.00,0.00,0.00,0.00,0.00,0.00,0.00,0.00,0.00,0.00,0.00,0.00,0.01,0.01,0.01,0.01,0.01,0.01,0.01,0.01,0.01,0.01,0.01,0.01,0.01,0.00,0.00,0.00,0.00,0.00,0.01,0.00,0.00,0.01,0.01,0.01,0.01,0.01,0.01,0.01,0.01,0.01,0.01,0.01
TUV,Tuvalu,MtCO2e,false,false,false,false,false,false,false,false,false,false,false,false,false,false,false,false,false,false,false,false,false,false,false,false,false,false,false,false,false,false,0.01,0.01,0.01,0.01,0.01,0.01,0.01,0.01,0.01,0.00,0.01,0.01,0.01,0.01,0.01,0.01,0.01,0.01,0.01,0.01,0.01,0.01,0.01,0.01,0.01,0.01,0.01,0.01,0.01,0.01,0.01,0.01
Data source,GCP
Data for,Location: World. Sectors/Subsectors: Total fossil fuels and cement. Gases: CO2. Calculation: Total. Show data by Countries